# r f_numeric f_exact abs_error
0.001 0.0009990000000000001 0.0009990004998333751 4.9983337499330538e-10
0.0021321284231510451 0.0021275843734376489 0.0021275872943934053 2.9209557563490696e-09
0.0032152958832399022 0.0032049686828193513 0.0032049743578942014 5.6750748501574466e-09
0.0042545361124132278 0.0042364649757235286 0.0042364734861752816 8.5104517530409929e-09
0.0052648906916111298 0.0052372330753507872 0.0052372444586743748 1.1383323587563221e-08
0.0062573194159061696 0.0062182733248948704 0.0062182876142131104 1.4289318239942006e-08
0.0072386870365241211 0.0071864604084212651 0.0071864776382333804 1.7229812115243659e-08
0.0082131299770758226 0.0081459305211435216 0.0081459507266470072 2.0205503485637433e-08
0.0091831259907153417 0.0090991589950583651 0.0090991822108201538 2.3215761788680789e-08
0.010150173345524391 0.01004764216892281 0.01004766842797576 2.6259052949423323e-08
0.011115195804973674 0.010992302984606076 0.010992332318002831 2.9333396754996355e-08
0.012078778529769374 0.011933726793475111 0.011933759230150597 3.2436675486205435e-08
0.013041304519282551 0.012872297527631943 0.012872333094441015 3.5566809072559713e-08
0.014003033694120825 0.013808276525892824 0.013808315247734329 3.8721841505787169e-08
0.014964149138806766 0.01474184858265995 0.014741890482635205 4.1899975255013655e-08
0.015924784536077777 0.015673149250621261 0.015673194350198875 4.5099577614116093e-08
0.016885040763776595 0.016602281353974534 0.016602329673147839 4.8319173304861573e-08
0.017844996178370317 0.017529325221367326 0.01752937677879848 5.1557431154231059e-08
0.018804713163607038 0.018454345205400569 0.018454400018549661 5.4813149092530766e-08
0.019764242426023277 0.019377393962273337 0.019377452047512771 5.8085239434263469e-08
0.020723625899506569 0.020298515348448811 0.020298576721164207 6.1372715395857647e-08
0.021682898768732393 0.021217746440820265 0.021217811115499339 6.4674679074033792e-08
0.022642090918800758 0.022135118985671796 0.022135186975982796 6.7990310999299641e-08
0.023601228000637603 0.023050660464790013 0.023050731783651055 7.1318861042529713e-08
0.024560332231910172 0.02396439489777475 0.023964469557415321 7.4659640570545749e-08
0.025519423011076261 0.024876343457772579 0.024876421469788305 7.8012015725797967e-08
0.026478517396330538 0.025786524952173623 0.025786606327575148 8.13754015248358e-08
0.027437630484610509 0.026694956203324901 0.026695040952581742 8.4749256841487597e-08
0.028396775715510809 0.027601652354044017 0.027601740487123994 8.8133079976376871e-08
0.029355965117554561 0.02850662711536853 0.028506718641773336 9.1526404805836181e-08
0.030315209509847067 0.02940989296955273 0.029409987898350174 9.4928797444299162e-08
0.031274518668614873 0.030311461337821002 0.030311559677674262 9.8339853260576149e-08
0.032233901465758642 0.031211342720019131 0.0312114444792134 1.0175919426883007e-07
0.033193365985004365 0.032109546811753951 0.032109651998220787 1.05186466835272e-07
0.034152919619921888 0.033006082603300152 0.033006191224639755 1.086213396034319e-07
0.035112569157088269 0.033900958463565396 0.033901070527067076 1.1206350167963786e-07
0.036072320847041255 0.034794182211768034 0.034794297724429026 1.1551266099196766e-07
0.037032180465181239 0.035685761178990139 0.035685880147532982 1.1896854284348946e-07
0.037992153364202558 0.036575702261201742 0.036575824692090295 1.2243088855223849e-07
0.038952244519536203 0.037464011965236792 0.037464137864691098 1.2589945430629967e-07
0.039912458568803599 0.038350696448734636 0.038350825822744704 1.293740100674623e-07
0.040872799846257614 0.03923576155502391 0.039235894409362509 1.3285433859977491e-07
0.041833272413023558 0.040119212843761159 0.040119349183995769 1.3634023460912248e-07
0.042793880083556848 0.041001055617761267 0.041001195449265164 1.3983150389668131e-07
0.043754626449051252 0.041881294946740602 0.041881438274703281 1.4332796267890746e-07
0.044715514898198763 0.042759935688379151 0.042760082517816017 1.4682943686589178e-07
0.045676548635483719 0.04363698250690258 0.043637132842664059 1.5033576147849281e-07
0.046637730697560789 0.044512439889716419 0.044512593736496506 1.5384678008628638e-07
0.047599063967857951 0.045386312162245479 0.045386469524589731 1.573623442524541e-07
0.048560551189581247 0.046258603501161816 0.046258764383474933 1.6088231311744972e-07
0.04952219497745268 0.04712931794632174 0.047129482352874653 1.6440655291327655e-07
0.050483997828242366 0.047998459411483535 0.047998627346420117 1.6793493658184833e-07
0.051445962130199398 0.048866031693915575 0.048866203161258955 1.7146734337947223e-07
0.052408090171645272 0.049732038483146501 0.049732213486805031 1.7500365852990418e-07
0.053370384148723152 0.050596483368862126 0.050596661912635052 1.7854377292597645e-07
0.054332846172390592 0.051459369848038644 0.051459551935621455 1.8208758281040849e-07
0.055295478274823166 0.052320701331471542 0.052320886966461026 1.856349894843734e-07
0.056258282415210067 0.053180481149690928 0.053180670335590007 1.8918589907851446e-07
0.057221260485050003 0.054038712558367646 0.054038905298589936 1.9274022228926713e-07
0.058184414312972749 0.054895398743239142 0.054895595041113285 1.9629787414293665e-07
0.059147745669176376 0.055750542824641036 0.055750742683414865 1.9985877382916462e-07
0.060111256269469324 0.056604147861639822 0.05660435128448426 2.03422844437251e-07
0.061074947778967423 0.057456216855815999 0.057456423845828809 2.0699001281043738e-07
0.062038821815530859 0.058306752754777008 0.058306963314986401 2.1056020939325126e-07
0.0630028799528915 0.059155758455359787 0.059155972588727769 2.141333679817059e-07
0.063967123723586261 0.060003236806628418 0.0600034545160541 2.1770942568166696e-07
0.064931554621591295 0.060849190612577209 0.060849411900899888 2.2128832267986898e-07
0.065896174104793093 0.061693622634662076 0.061693847504664209 2.248700021328931e-07
0.066860983597281945 0.062536535594149595 0.062536764048559665 2.2845441007002254e-07
0.067825984491465277 0.063377932174283863 0.063378164215779076 2.3204149521283135e-07
0.068791178150060639 0.064217815022325458 0.064218050653534378 2.3563120891967326e-07
0.06975656590783913 0.065056186751351969 0.065056425974856974 2.3922350500527045e-07
0.070722149073409971 0.065893049942074872 0.065893292760414626 2.4281833975459133e-07
0.07168792893074627 0.066728407144413249 0.066728653560084908 2.4641567165917255e-07
0.072653906740643898 0.067562260878992947 0.067562510894454447 2.5001546150038578e-07
0.07362008374211905 0.068394613638577031 0.0683948672562492 2.5361767216902642e-07
0.07458646115368267 0.069225467889375059 0.069225725111643613 2.5722226855429131e-07
0.075553040174499236 0.070054826072239326 0.070055086901456898 2.6082921757153432e-07
0.076519821985551129 0.070882690603853118 0.070882955042341059 2.6443848794022173e-07
0.07748680775065804 0.071709063877782434 0.071709331927832715 2.6805005028107676e-07
0.078453998617463896 0.072533948265488979 0.072534219929365887 2.7166387690791272e-07
0.079421395718326779 0.073357346117249769 0.073357621397191597 2.7527994182763305e-07
0.080389000171211242 0.074179259763069078 0.074179538661289804 2.7889822072635351e-07
0.081356813080495166 0.074999691513508271 0.074999974032199046 2.8251869077511316e-07
0.082324835537708849 0.075818643660449547 0.075818929801780247 2.8614133069926329e-07
0.083293068622286734 0.076636118477862308 0.076636408243983004 2.8976612069520069e-07
0.084261513402199867 0.07745211822246087 0.077452411615503231 2.9339304236097874e-07
0.085230170934602612 0.078266645134367388 0.078266942156446001 2.9702207861304064e-07
0.086199042266452683 0.07907970143774519 0.079080002090958945 3.0065321375560838e-07
0.087168128435072836 0.079891289341376792 0.079891593627810106 3.0428643331414928e-07
0.088137430468643863 0.080701411039178259 0.080701718960902308 3.0792172404925378e-07
0.089106949386742226 0.081510068710745509 0.081510380269819396 3.1155907388724646e-07
0.090076686200833464 0.082317264521857961 0.08231757972032995 3.1519847198957507e-07
0.091046641914691195 0.083123000624915178 0.083123319464823694 3.1883990851688804e-07
0.092016817524831249 0.08392727915938139 0.0839276016427562 3.2248337480944578e-07
0.092987214020914657 0.084730102252199707 0.084730428381062872 3.2612886316507605e-07
0.093957832386154336 0.085531472018204879 0.085531801794571857 3.2977636697795187e-07
0.09492867359766255 0.08633139056048314 0.086331723986363657 3.3342588051654687e-07
0.09589973862676765 0.0871298599707028 0.087130197048101932 3.3707739913180212e-07
0.096871028439391937 0.087926882329491765 0.087927223060410772 3.4073091900732599e-07
0.09784254399634329 0.088722459706740323 0.088722804093177551 3.4438643722878304e-07
0.098814286253607039 0.089516594161901053 0.089516942205852823 3.4804395177001624e-07
0.099786256162635631 0.090309287744283748 0.090309639447745185 3.5170346143753584e-07
0.10075845467059155 0.091100542493309303 0.091100897858275173 3.5536496587051936e-07
0.10173088272065754 0.09189036043881553 0.091890719467281015 3.5902846548530043e-07
0.10270354125223896 0.092678743601272387 0.092679106295233862 3.6269396147536881e-07
0.10367643120122305 0.093465693992041021 0.093466060353496791 3.66361455769737e-07
0.10464955350017177 0.094251213613576412 0.094251583644527487 3.7003095107457362e-07
0.10562290907853715 0.095035304459646169 0.095035678162096918 3.7370245074830333e-07
0.10659649886289396 0.095817968515560931 0.095818345891519802 3.7737595887099573e-07
0.10757032377710689 0.096599207758349737 0.096599588809829925 3.8105148018885426e-07
0.10854438474251224 0.097379024156945326 0.097379408885965413 3.8472902008646059e-07
0.10951868267812194 0.098157419672385268 0.098157808080969883 3.8840858461453021e-07
0.11049321850079356 0.098934396257983906 0.098934788348164299 3.9209018039276788e-07
0.11146799312537381 0.099709955859481364 0.099710351633296085 3.9577381472089002e-07
0.11244300746483439 0.10048410041518514 0.10048449987468053 3.9945949538433556e-07
0.11341826243043772 0.10125683185613366 0.10125723500336446 4.0314723080692172e-07
0.11439375893191704 0.10202815210626963 0.10202855894329958 4.0683702995369941e-07
0.11536949787758606 0.10279806308255597 0.1027984736114583 4.1052890233095329e-07
0.11634548017446381 0.10356656669510247 0.10356698091796045 4.1422285797232394e-07
0.11732170672839305 0.10433366484728619 0.10433408276619363 4.1791890743880789e-07
0.11829817844420404 0.10509935943590602 0.10509978105296779 4.2161706176324643e-07
0.11927489622576024 0.10586365235124341 0.10586407766857592 4.2531733250583681e-07
0.1202518609761529 0.10662654547723864 0.10662697449697031 4.2901973167086549e-07
0.12122907359775684 0.10738804069155707 0.10738847341582881 4.3272427174834149e-07
0.12220653499235586 0.10814813986570893 0.1081485762966746 4.3643096567236306e-07
0.12318424606121982 0.1089068448651303 0.10890728500495715 4.4013982684887321e-07
0.12416220770524647 0.10966415754931344 0.1096646014001825 4.4385086905851523e-07
0.12514042082498827 0.11042007977184681 0.11042052733595342 4.4756410660928836e-07
0.12611888632081814 0.11117461338056196 0.11117506466011604 4.5127955407286979e-07
0.12709760509295931 0.11192776021757411 0.11192821521480072 4.5499722660380382e-07
0.12807657804159137 0.11267952211938104 0.11267998083652063 4.5871713959255711e-07
0.12905580606693778 0.11342990091694656 0.11343036335625546 4.6243930890144114e-07
0.13003529006931588 0.11417889843575453 0.11417936459950526 4.6616375072583427e-07
0.13101503094924935 0.11492651649591 0.11492698638639169 4.698904816913263e-07
0.13199502960750778 0.11567275691218373 0.11567323053170245 4.7361951871494057e-07
0.13297528694520211 0.11641762149409872 0.11641809884497785 4.7735087913003404e-07
0.13395580386383585 0.11716111204598231 0.11716159313056285 4.8108458053364167e-07
0.13493658126539648 0.11790323036704814 0.11790371518768911 4.8482064096688759e-07
0.13591762005238278 0.1186439782514289 0.1186444668105076 4.8855907869294057e-07
0.13689892112788529 0.11938335748824871 0.11938384978816108 4.9229991236354742e-07
0.13788048539566219 0.12012136986169139 0.12012186590485231 4.9604316092188849e-07
0.13886231376017857 0.1208580171510404 0.12085851693988406 4.9978884365808884e-07
0.13984440712666857 0.12159330113073569 0.1215938046677158 5.0353698011207371e-07
0.14082676640117545 0.1223272235704133 0.12232773085800344 5.0728759014295743e-07
0.14180939249063576 0.12305978623497749 0.12306029727567137 5.1104069388741014e-07
0.14279228630290292 0.12379099088462696 0.12379150568093879 5.1479631182904662e-07
0.14377544874681353 0.12452083927491271 0.12452135782937733 5.1855446461801513e-07
0.14475888073223289 0.12524933315677961 0.12524985547195291 5.2231517330691979e-07
0.14574258317009259 0.12597647427660191 0.12597700035506101 5.2607845910102036e-07
0.14672655697245529 0.12670226437623835 0.12670279422058192 5.2984434356639909e-07
0.14771080305255962 0.12742670519307198 0.12742723880592038 5.3361284840791612e-07
0.14869532232482116 0.12814979846001731 0.12815033584401303 5.3738399571900963e-07
0.14968011570493142 0.12887154590559943 0.12887208706340716 5.411578077318957e-07
0.15066518410986721 0.12959194925396642 0.12959249418827343 5.449343070118573e-07
0.15165052845794447 0.13031101022493435 0.13031155893845059 5.4871351623519971e-07
0.15263614966885483 0.13102873053401903 0.13102928302947747 5.5249545843905068e-07
0.15362204866368756 0.13174511189245688 0.13174566817261374 5.5628015685482701e-07
0.15460822636502297 0.13246015600727745 0.13246071607491236 5.6006763490823452e-07
0.15559468369688173 0.13317386458127076 0.13317442843918698 5.6385791621926806e-07
0.15658142158482663 0.13388623931306518 0.13388680696408994 5.6765102476874496e-07
0.15756844095597139 0.13459728189713752 0.13459785334412208 5.7144698456523813e-07
0.15855574273904216 0.13530699402386073 0.13530756926968066 5.752458199226318e-07
0.15954332786435663 0.13601537737949213 0.1360159564270475 5.7904755537685482e-07
0.16053119726392912 0.13672243364625189 0.13672301649846752 5.8285221563036949e-07
0.16151935187142782 0.13742816450229509 0.13742875116212064 5.8665982555217155e-07
0.16250779262227469 0.1381325716217856 0.13813316209219587 5.9047041026105695e-07
0.16349652045361596 0.13883565667487741 0.13883625095887245 5.9428399504235507e-07
0.16448553630438958 0.13953742132776467 0.13953801942837007 5.981006054034399e-07
0.16547484111533947 0.14023786724269374 0.14023846916296073 6.019202669904633e-07
0.16646443582907167 0.14093699607800453 0.14093760182101017 6.0574300564386618e-07
0.1674543213900358 0.14163480948811885 0.14163541905696622 6.0956884737062289e-07
0.16844449874459488 0.14233130912359093 0.14233192252140936 6.1339781842750796e-07
0.16943496884100895 0.14302649663109704 0.14302711386104214 6.1722994509905149e-07
0.17042573262952429 0.14372037365349899 0.14372099471875299 6.2106525400285051e-07
0.17141679106233756 0.14441294182981959 0.1444135667335914 6.2490377181201318e-07
0.17240814509364355 0.14510420279527675 0.14510483154080214 6.2874552539393669e-07
0.17339979567967032 0.14579415818130836 0.14579479077185017 6.3259054181030727e-07
0.17439174377870484 0.14648280961559024 0.14648344605443847 6.3643884823383345e-07
0.17538399035111693 0.14717015872205272 0.14717079901252475 6.4029047203151279e-07
0.17637653635936243 0.14785620712088279 0.1478568512663235 6.4414544070912072e-07
0.177369382768026 0.14854095642855342 0.14854160443233533 6.4800378191121055e-07
0.17836253054382367 0.1492244082578249 0.14922506012334835 6.5186552344886906e-07
0.17935598065567324 0.14990656421779272 0.14990721994848599 6.5573069327196087e-07
0.18034973407465205 0.15058742591385776 0.15058808551317726 6.5959931949688411e-07
0.1813437917740669 0.15126699494777349 0.15126765841920387 6.6347143037881473e-07
0.18233815472943329 0.15194527291763071 0.15194594026468497 6.6734705425619545e-07
0.18333282391856157 0.15262226141791532 0.15262293264413501 6.7122621968951357e-07
0.18432780032152191 0.15329796203948301 0.15329863714843828 6.7510895526701198e-07
0.18532308492069111 0.15397237636958969 0.15397305536487962 6.7899528993775604e-07
0.18631867870075575 0.15464550599189222 0.15464618887714468 6.828852524565221e-07
0.1873145826487583 0.15531735248647788 0.15531803926534987 6.8677887199442011e-07
0.18831079775408011 0.15598791742985108 0.1559886081060288 6.9067617772256007e-07
0.18930732500847852 0.15665720239495667 0.15665789697215562 6.9457719895082981e-07
0.19030416540612261 0.15732520895120192 0.15732590743316702 6.9848196510013949e-07
0.19130131994361815 0.157991938664471 0.15799264105497676 7.0239050575793271e-07
0.19229878961999508 0.15865739309711438 0.158658099399965 7.0630285062267539e-07
0.19329657543671194 0.15932157380794959 0.15932228402697909 7.1021902950385574e-07
0.19429467839772671 0.15998448235230606 0.15998519649137838 7.1413907232198426e-07
0.19529309950950657 0.16064612028202888 0.16064683834503801 7.1806300913634935e-07
0.19629183978099921 0.16130648914545717 0.16130721113632729 7.2199087011726171e-07
0.1972909002236867 0.16196559048745718 0.16196631641014275 7.259226855738099e-07
0.19829028185161515 0.16262342584943892 0.16262415570792477 7.2985848584283808e-07
0.1992899856813686 0.16327999676933605 0.16328073056763751 7.3379830145547942e-07
0.20029001273212912 0.16393530478164242 0.16393604252380548 7.377421630538894e-07
0.20129036402568387 0.16458935141741357 0.16459009310751493 7.4169010136349023e-07
0.20229104058641309 0.16524213820425573 0.16524288384640295 7.4564214722072641e-07
0.20329204344135865 0.16589366666636726 0.16589441626469881 7.4959833154530919e-07
0.20429337362018826 0.16654393832451192 0.16654469188319737 7.5355868545123883e-07
0.20529503215523479 0.16719295469604115 0.1671937122192812 7.5752324005251559e-07
0.20629702008154197 0.16784071729492009 0.16784147878694669 7.6149202660191762e-07
0.20729933843682843 0.16848722763170063 0.16848799309677714 7.654650765187565e-07
0.20830198826151222 0.16913248721353369 0.16913325665595491 7.6944242122234385e-07
0.20930497059878539 0.16977649754421353 0.1697772709683058 7.7342409227076914e-07
0.21030828649454289 0.17041926012412806 0.17042003753424942 7.7741012136089971e-07
0.21131193699747614 0.17106077645031503 0.17106155785085531 7.8140054027286965e-07
0.2123159231590323 0.17170104801643202 0.17170183341181286 7.8539538084232419e-07
0.2133202460334577 0.17234007631278006 0.1723408657074551 7.8939467504368643e-07
0.21432490667781337 0.17297786282630948 0.17297865622476438 7.9339845490689065e-07
0.21532990615197975 0.17361440904061856 0.17361520644737119 7.9740675262840455e-07
0.21633524551866537 0.17424971643595494 0.17425051785555534 8.0141960040469584e-07
0.21734092584344786 0.17488378648923719 0.17488459192626776 8.0543703057101013e-07
0.21834694819477513 0.1755166206740511 0.17551743013312673 8.0945907562912645e-07
0.21935331364397359 0.17614822046065046 0.17614903394641848 8.1348576802531269e-07
0.2203600232652535 0.17677858731595592 0.17677940483309632 8.175171404001258e-07
0.22136707813575926 0.1774077227035819 0.17740854425680741 8.2155322550514498e-07
0.22237447933555937 0.17803562808382578 0.17803645367788182 8.2559405603643832e-07
0.22338222794763915 0.1786623049136585 0.17866313455332342 8.2963966491211849e-07
0.22439032505797707 0.17928775464676749 0.1792885883368526 8.3369008510580933e-07
0.22539877175550715 0.17991197873352835 0.17991281647887805 8.3774534970215697e-07
0.22640756913215235 0.18053497862102069 0.18053582042651248 8.4180549178580755e-07
0.22741671828282051 0.18115675575302082 0.18115760162356542 8.4587054460794064e-07
0.22842622030545401 0.18177731157002724 0.18177816151056875 8.4994054150300258e-07
0.2294360763010064 0.18239664750924139 0.18239750152475726 8.5401551586095081e-07
0.23044628737347564 0.18301476500458283 0.18301562310008396 8.5809550112725397e-07
0.2314568546299145 0.18363166548669058 0.18363252766722146 8.6218053088615854e-07
0.23246777918046502 0.18424735038293888 0.18424821665357766 8.6627063877742216e-07
0.23347906213830838 0.18486182111740149 0.18486269148326001 8.7036585852406922e-07
0.23449070461974733 0.18547507911089653 0.18547595357712052 8.7446622398790197e-07
0.23550270774420193 0.18608712578097861 0.18608800435274758 8.785717689752115e-07
0.23651507263421639 0.18669796254193738 0.18669884522446484 8.8268252745882236e-07
0.23752780041544089 0.18730759080478124 0.18730847760331482 8.8679853357809257e-07
0.23854089221668995 0.18791601197726723 0.18791690289708865 8.9091982141686898e-07
0.23955434916994886 0.18852322746389921 0.18852412251032438 8.9504642517002075e-07
0.24056817241040698 0.18912923866594217 0.18913013784432128 8.9917837911568377e-07
0.24158236307639044 0.18973404698137633 0.18973495029709395 9.0331571761526064e-07
0.24259692230945298 0.19033765380494597 0.19033856126342114 9.0745847516893186e-07
0.24361185125436338 0.19094006052814608 0.1909409721348323 9.1160668622136676e-07
0.24462715105911981 0.19154126853922515 0.19154218429961059 9.1576038543927929e-07
0.24564282287495601 0.19214127922318316 0.19214219914279063 9.1991960746162782e-07
0.24665886785637745 0.19274009396178704 0.19274101804617408 9.2408438703839302e-07
0.24767528716114742 0.19333771413355655 0.19333864238831558 9.2825475903057786e-07
0.24869208195030024 0.19393414111376631 0.19393507354452458 9.3243075827142974e-07
0.24970925338819089 0.1945293762744689 0.19453031288688866 9.3661241976072951e-07
0.25072680264245839 0.19512342098446744 0.19512436178424603 9.4079977858152475e-07
0.25174473088406407 0.19571627660933197 0.19571722160220184 9.4499286987237419e-07
0.25276303928730015 0.19630794451139849 0.19630889370312726 9.4919172877183655e-07
0.25378172902981455 0.19689842604977717 0.19689937944616775 9.5339639058500403e-07
0.25480080129260491 0.19748772258034281 0.19748868018723351 9.5760689070023552e-07
0.2558202572600437 0.19807583545574323 0.19807679727900773 9.6182326450588995e-07
0.25684009811987024 0.19866276602538849 0.19866373207093596 9.6604554747359295e-07
0.25786032506324319 0.19924851563547491 0.1992494859092501 9.7027377518599245e-07
0.25888093928472444 0.19983308562896943 0.19983406013695273 9.7450798330900312e-07
0.25990194198226862 0.20041647734559745 0.20041745609380504 9.7874820759180636e-07
0.26092333435731035 0.20099869212188645 0.20099967511637018 9.8299448372807241e-07
0.2619451176146812 0.20157973129111204 0.20158071853795961 9.8724684757800496e-07
0.26296729296268867 0.20215959618333679 0.20216058768867196 9.9150533516834116e-07
0.26398986161313082 0.20273828812541198 0.20273928389539436 9.9576998238704029e-07
0.26501282478127824 0.20331580844096087 0.20331680848178627 1.0000408253996174e-06
0.26603618368588616 0.20389215845037909 0.2038931627682794 1.0043179003160763e-06
0.26705993954920637 0.20446733947083506 0.20446834807207839 1.0086012433296876e-06
0.26808409359702801 0.20504135281628622 0.20504236570717699 1.0128908907724998e-06
0.26910864705866838 0.20561419979746737 0.20561521698434634 1.0171868789765615e-06
0.27013360116697993 0.20618588172188795 0.20618690321113234 1.0214892443849433e-06
0.27115895715838112 0.20675639989384273 0.2067574256918662 1.0257980234684716e-06
0.2721847162728761 0.20732575561441596 0.20732678572766883 1.0301132528645063e-06
0.27321087975400593 0.20789395018144774 0.20789498461641689 1.034434969154896e-06
0.27423744884892287 0.20846098488956852 0.20846202365277758 1.0387632090602672e-06
0.27526442480838564 0.20902686103018969 0.20902790412819905 1.0430980093567577e-06
0.27629180888677218 0.20959157989150395 0.20959262733091086 1.0474394069037718e-06
0.27731960234208364 0.21015514275848063 0.21015619454591927 1.0517874386439807e-06
0.2783478064359729 0.21071755091287453 0.21071860705501608 1.0561421415478112e-06
0.27937642243372673 0.21127880563320942 0.21127986613676214 1.0605035527244677e-06
0.2804054516042942 0.21183890819478673 0.21183997306649599 1.0648717092553994e-06
0.2814348952202963 0.21239785986968399 0.21239892911633235 1.0692466483608332e-06
0.28246475455807002 0.21295566192677173 0.21295673555517911 1.0736284073720181e-06
0.28349503089764705 0.21351231563169512 0.21351339364871869 1.0780170235646924e-06
0.28452572552274147 0.21406782224686025 0.21406890465939463 1.0824125343811275e-06
0.28555683972080209 0.21462218303145569 0.21462326984643296 1.0868149772635949e-06
0.28658837478302862 0.21517539924145399 0.21517649046584381 1.0912243898208995e-06
0.28762033200435844 0.21572747212959759 0.21572856777040722 1.0956408096340908e-06
0.28865271268349102 0.21627840294540499 0.21627950300967944 1.1000642744507516e-06
0.28968551812289034 0.21682819293516484 0.21682929742998686 1.1044948220184647e-06
0.29071874962880573 0.21737684334194024 0.21737795227443041 1.1089324901680797e-06
0.29175240851128575 0.21792435540556879 0.21792546878288563 1.1133773168414685e-06
0.29278649608416774 0.21847073036265011 0.21847184819199006 1.1178293399527472e-06
0.29382101366510976 0.21901596944655569 0.21901709173515327 1.1222885975825658e-06
0.29485596257561381 0.21956007388743382 0.21956120064256163 1.1267551278115739e-06
0.29589134414097901 0.22010304491217803 0.22010417614114691 1.1312289688869548e-06
0.296927159690418 0.22064488374448096 0.22064601945463999 1.135710159028136e-06
0.29796341055696263 0.22118559160477766 0.22118673180351425 1.140198736593323e-06
0.29900009807753231 0.22172516971027428 0.22172631440501422 1.1446947399407215e-06
0.30003722359295226 0.22226361927495025 0.22226476847315788 1.1491982076228258e-06
0.30107478844791663 0.22280094150953189 0.22280209521871 1.1537091781088638e-06
0.3021127939910308 0.2233371376215072 0.22333829584919723 1.1582276900345967e-06
0.30315124157482493 0.22387220881512562 0.22387337156890771 1.162753782091297e-06
0.30419013255577937 0.22440615629140381 0.22440732357889681 1.1672874929979926e-06
0.30522946829429881 0.22493898124810499 0.2249401530769666 1.1718288616124894e-06
0.30626925015474965 0.22547068487975092 0.22547186125767776 1.1763779268481045e-06
0.30730947950546122 0.22600126837761528 0.22600244931234295 1.1809347276736659e-06
0.30835015771874608 0.22653073292972656 0.22653191842902967 1.185499303113513e-06
0.30939128617091005 0.22705907972086595 0.22706026979255822 1.1900716922752519e-06
0.31043286624222965 0.22758630993254853 0.22758750458448285 1.1946519343219997e-06
0.31147489931702094 0.22811242474305077 0.22811362398311932 1.1992400685556515e-06
0.3125173867836194 0.22863742532739303 0.22863862916352737 1.2038361343336135e-06
0.3135603300343805 0.22916131285733246 0.22916252129750347 1.2084401710132919e-06
0.31460373046571521 0.22968408850137348 0.22968530155359154 1.2130522180631154e-06
0.31564758947810839 0.23020575342476954 0.23020697109708463 1.2176723150902902e-06
0.31669190847609513 0.2307263087895039 0.23072753109000552 1.222300501618756e-06
0.31773668886829715 0.23124575575430031 0.23124698269111774 1.2269368174222528e-06
0.31878193206741018 0.23176409547460944 0.23176532705591169 1.2315813022467648e-06
0.31982763949023812 0.23228132910261837 0.23228256533661432 1.2362339959492985e-06
0.32087381255770198 0.23279745778724759 0.232798698682186 1.2408949384146162e-06
0.32192045269485287 0.23331248267414983 0.2333137282383195 1.2455641696662578e-06
0.3229675613308563 0.23382640490569512 0.23382765514742482 1.2502417297000079e-06
0.32401513989903913 0.23433922562098608 0.23434048054864484 1.2549276587614511e-06
0.32506318983687793 0.23485094595584502 0.23485220557784198 1.2596219969573941e-06
0.32611171258601579 0.23536156704281455 0.23536283136759922 1.2643247846721994e-06
0.32716070959227711 0.23587109001115739 0.23587235904721954 1.2690360621514518e-06
0.32821018230568538 0.23637951598685733 0.2363807897427273 1.2737558699738027e-06
0.32926013218044758 0.23688684609260438 0.23688812457685293 1.2784842485513703e-06
0.33031056067499198 0.23739308144780549 0.23739436466904404 1.2832212385460728e-06
0.33136146925196969 0.23789822316857773 0.23789951113545826 1.2879668805365618e-06
0.33241285937826781 0.23840227236774714 0.23840356508896246 1.2927212153235335e-06
0.33346473252500886 0.23890523015484094 0.23890652763912465 1.2974842837076839e-06
0.3345170901675677 0.2394070976360882 0.23940839989221482 1.3022561266284871e-06
0.33556993378559452 0.23990787591442322 0.23990918295120817 1.3070367849421505e-06
0.33662326486301675 0.24040756608947886 0.2404088779157787 1.3118262998379482e-06
0.3376770848880461 0.24090616925758243 0.24090748588229477 1.316624712338621e-06
0.33873139535318481 0.24140368651175118 0.24140500794381486 1.3214320636889543e-06
0.33978619775525598 0.24190011894169891 0.24190144519009413 1.3262483952170001e-06
0.34084149359539756 0.24239546763382583 0.242396798707574 1.3310737481675439e-06
0.34189728437908007 0.24288973367121913 0.24289106957938322 1.3359081640906822e-06
0.34295357161610102 0.24338291813364304 0.2433842588853275 1.3407516844532452e-06
0.34401035682061293 0.24387502209754436 0.24387636770189519 1.345604350833085e-06
0.34506764151115432 0.24436604663605926 0.24436739710226421 1.3504662049468319e-06
0.34612542721061301 0.2448559928189887 0.24485734815627724 1.3553372885388715e-06
0.34718371544626969 0.2453448617128112 0.24534622193045466 1.3602176434646118e-06
0.34824250774979459 0.24583265438067359 0.24583401948798522 1.3651073116349721e-06
0.34930180565726859 0.24631937188239347 0.24632074188872846 1.3700063349886271e-06
0.35036161070917288 0.2468050152744467 0.24680639018920239 1.3749147556862962e-06
0.35142192445042736 0.2472895856099776 0.24729096544259346 1.3798326158609431e-06
0.35248274843037669 0.24777308393878505 0.24777446869874281 1.3847599577565539e-06
0.35354408420282885 0.24825551130733253 0.24825690100415615 1.3896968236171148e-06
0.35460593332604412 0.24873686875873552 0.24873826340199148 1.3946432559641675e-06
0.35566829736273725 0.24921715733275504 0.24921855693205228 1.3995992972359872e-06
0.35673117788011005 0.24969637806580489 0.24969778263079487 1.4045649899818713e-06
0.35779457644985241 0.25017453199094453 0.25017594153132139 1.4095403768621395e-06
0.35885849464813518 0.25065162013786857 0.25065303466336925 1.4145255006758894e-06
0.35992293405566028 0.25112764353292155 0.25112906305332577 1.4195204042222187e-06
0.36098789625763728 0.25160260319908007 0.25160402772421037 1.4245251303002249e-06
0.36205338284379673 0.25207650015595123 0.25207792969567328 1.4295397220420725e-06
0.36311939540842203 0.25254933541977942 0.25255076998400189 1.4345642224689037e-06
0.36418593555035905 0.25302111000344285 0.25302254960211762 1.4395986747683942e-06
0.36525300487297768 0.25349182491642935 0.25349326955955143 1.4446431220727085e-06
0.36632060498424768 0.25396148116486222 0.25396293086247007 1.449697607847078e-06
0.36738873749668216 0.25443007975146803 0.25443153451364353 1.454762175501223e-06
0.36845740402741961 0.25489762167560509 0.25489908151247354 1.4598368684448637e-06
0.3695266061981774 0.25536410793323572 0.25536557285496608 1.4649217303652762e-06
0.37059634563529881 0.25582953951693932 0.25583100953374427 1.4700168049497364e-06
0.37166662396973155 0.25629391741589558 0.25629539253803146 1.4751221358855204e-06
0.37273744283707216 0.25675724261589633 0.25675872285366336 1.4802377670264377e-06
0.37380880387753612 0.2572195160993252 0.25722100146306759 1.4853637423928312e-06
0.37488070873599377 0.25768073884516579 0.2576822293452718 1.4905001060050438e-06
0.37595315906198379 0.25814091182900012 0.25814240747590206 1.4956469019389296e-06
0.37702615650969673 0.25860003602299403 0.25860153682716841 1.5008041743813649e-06
0.37809970273802523 0.25905811239591153 0.25905961836787922 1.5059719676857597e-06
0.37917379941051838 0.25951514191308778 0.25951665306341404 1.5111503262610348e-06
0.38024844819545822 0.25997112553645446 0.25997264187574909 1.5163392946271337e-06
0.38132365076581554 0.26042606422451364 0.26042758576343089 1.5215389172484883e-06
0.38239940879928419 0.26087995893234489 0.26088148568158381 1.5267492389225978e-06
0.38347572397829033 0.26133281061160207 0.26133434258190635 1.5319703042804278e-06
0.38455259798998637 0.26178462021050325 0.26178615741266154 1.5372021582860107e-06
0.38563003252628425 0.26223538867383767 0.2622369311186834 1.5424448457368456e-06
0.38670802928384651 0.26268511694295449 0.26268666464136642 1.5476984119300319e-06
0.38778658996409349 0.2631338059557588 0.26313535891866052 1.5529629017185798e-06
0.38886571627324418 0.26358145664672122 0.26358301488508168 1.5582383604550998e-06
0.38994540992227356 0.26402806994685291 0.2640296334716864 1.5635248334922025e-06
0.39102567262696247 0.26447364678371926 0.26447521560608539 1.5688223661269873e-06
0.39210650610790726 0.26491818808143652 0.26491976221244057 1.5741310040451317e-06
0.39318791209050896 0.26536169476066018 0.26536327421145289 1.5794507927102686e-06
0.39426989230498782 0.26580416773858379 0.26580575252036165 1.5847817778635864e-06
0.39535244848640771 0.26624560792894181 0.26624719805294716 1.5901240053572963e-06
0.39643558237468224 0.26668601624200489 0.26668761171952593 1.595477521043609e-06
0.3975192957145382 0.26712539358455806 0.26712699442692894 1.6008423708857578e-06
0.39860359025560799 0.26756374085993101 0.26756534707853208 1.6062186010690205e-06
0.39968846775236738 0.26800105896796589 0.26800267057422367 1.6116062577786749e-06
0.40077392996417321 0.26843734880502546 0.26843896581041266 1.617005387199999e-06
0.40185997865527434 0.26887261126399042 0.26887423368002622 1.6224160357958262e-06
0.40294661559481304 0.26930684723425313 0.26930847507250316 1.6278382500289901e-06
0.40403384255684943 0.2697400576017201 0.26974169087379657 1.6332720764733466e-06
0.40512166132034999 0.27017224324880063 0.27017388196636255 1.6387175619247962e-06
0.40621007366921419 0.27060340505441033 0.27060504922916345 1.6441747531237283e-06
0.4072990813922614 0.27103354389395906 0.27103519353765604 1.6496436969770656e-06
0.4083886862832552 0.2714626606393537 0.2714643157637941 1.6551244403917309e-06
0.40947889014092265 0.27189075615899871 0.27189241677602932 1.6606170306077139e-06
0.41056969476893984 0.27231783131778359 0.27231949743929834 1.6661215147539821e-06
0.41166110197595945 0.27274388697708696 0.27274555861502708 1.6716379401260362e-06
0.41275311357562439 0.27316892399477488 0.27317060116112901 1.6771663541303994e-06
0.41384573138653891 0.27359294322518285 0.27359462593198725 1.6827068043956395e-06
0.41493895723233171 0.27401594551913361 0.27401763377847205 1.6882593384393019e-06
0.41603279294161372 0.27443793172391384 0.27443962554791779 1.6938240039454655e-06
0.41712724034803006 0.27485890268328772 0.27486060208413665 1.6994008489312762e-06
0.41822230129024318 0.27527885923748352 0.2752805642274046 1.7049899210808128e-06
0.41931797761194128 0.27569780222319012 0.27569951281445876 1.7105912686332658e-06
0.42041427116185326 0.27611573247355625 0.27611744867849591 1.7162049396612922e-06
0.42151118379375174 0.2765326508181849 0.27653437264916736 1.7218309824595934e-06
0.42260871736647659 0.27694855808313568 0.27695028555258111 1.7274694454338935e-06
0.42370687374394156 0.27736345509092064 0.27736518821129758 1.733120376934405e-06
0.42480565479510862 0.27777734266048809 0.27777908144431379 1.7387838256999189e-06
0.42590506239405734 0.27819022160724222 0.27819196606708257 1.7444598403582035e-06
0.42700509841994766 0.27860209274302244 0.2786038428914922 1.7501484697590719e-06
0.42810576475702872 0.27901295687610034 0.27901471272586315 1.7558497628078484e-06
0.4292070632946553 0.27942281481117942 0.27942457637494794 1.7615637685208796e-06
0.4303089959273268 0.27983166734940301 0.27983343463993904 1.7672905360255342e-06
0.43141156455465396 0.28023951528833552 0.28024128831845019 1.7730301146712257e-06
0.43251477108138991 0.28064635942196764 0.28064813820452134 1.7787825536963453e-06
0.43361861741740904 0.28105220054070207 0.2810539850886048 1.7845479027278621e-06
0.43472310547774984 0.28145703943136313 0.2814588297575743 1.7903262111707008e-06
0.43582823718262764 0.28186087687719497 0.28186267299472395 1.7961175289848974e-06
0.4369340144574122 0.28226371365784708 0.28226551557975293 1.8019219058529323e-06
0.43804043923264313 0.28266555054937387 0.2826673582887656 1.8077393917348417e-06
0.43914751344405922 0.28306638832423886 0.28306820189427562 1.813570036757195e-06
0.44025523903257457 0.28346622775130009 0.28346804716519108 1.8194138909910507e-06
0.44136361794431728 0.28386506959581781 0.28386689486682259 1.8252710047850229e-06
0.44247265213062165 0.28426291461944558 0.28426474576087413 1.831141428543237e-06
0.44358234354805864 0.28465976358023504 0.28466160060544787 1.8370252128363518e-06
0.44469269415840151 0.28505561723261763 0.28505746015502592 1.8429224082905371e-06
0.44580370592866569 0.28545047632741272 0.28545232516047842 1.8488330656984964e-06
0.44691538083110588 0.28584434161182065 0.28584619636905656 1.8547572359084441e-06
0.44802772084321796 0.28623721382941753 0.28623907452438746 1.8606949699351283e-06
0.44914072794777699 0.28662909372016249 0.28663096036648139 1.8666463189043192e-06
0.45025440413282797 0.2870199820203887 0.28702185463172292 1.8726113342193429e-06
0.45136875139167887 0.28740987946279495 0.28741175805286201 1.8785900670614808e-06
0.45248377172292076 0.28779878677644694 0.28780067135901594 1.8845825690005924e-06
0.45359946713043431 0.28818670468677365 0.28818859527566532 1.8905888916620484e-06
0.4547158396234009 0.28857363391556551 0.28857553052465235 1.8966090868377528e-06
0.4558328912163111 0.2889595751809716 0.28896147782417797 1.9026432063751209e-06
0.45695062392896663 0.28934452919749465 0.28934643788879683 1.9086913021770791e-06
0.45806903978651137 0.28972849667599593 0.28973041142942241 1.9147534264796207e-06
0.4591881408193923 0.29011147832367623 0.29011339915330775 1.920829631518739e-06
0.46030792906340595 0.29049347484408627 0.29049540176405592 1.9269199696414496e-06
0.4614284065596907 0.29087448693711848 0.29087641996161195 1.933024493472324e-06
0.46254957535474117 0.29125451529900637 0.29125645444226184 1.9391432554693999e-06
0.46367143750042278 0.29163356062232387 0.2916355058986323 1.9452763084237823e-06
0.4647939950539719 0.29201162359597999 0.29201357501968533 1.9514237053486205e-06
0.46591725007799623 0.29238870490521351 0.29239066249071266 1.9575854991460417e-06
0.46704120464048826 0.2927648052315921 0.29276676899333509 1.9637617429957288e-06
0.46816586081484507 0.29313992525301358 0.29314189520550377 1.9699524901883869e-06
0.46929122067984486 0.29351406564369287 0.29351604180148705 1.9761577941812547e-06
0.47041728631970026 0.29388722707417431 0.29388920945188274 1.9823777084315708e-06
0.47154405982402259 0.29425941021131469 0.29426139882360136 1.9886122866741296e-06
0.47267154328785621 0.29463061571828925 0.294632610579872 1.9948615827547478e-06
0.4737997388116828 0.29500084425458811 0.29500284538023869 2.0011256505747532e-06
0.47492864850140243 0.29537009647600476 0.29537210388054896 2.0074045442020072e-06
0.47605827446839177 0.29573837303465006 0.29574038673296793 2.0136983178709045e-06
0.47718861882946562 0.29610567457893477 0.2961076945859607 2.0200070259268621e-06
0.47831968370691386 0.2964720017535763 0.29647402808429923 2.0263307229373417e-06
0.47945147122848453 0.29683735519958848 0.2968393878690519 2.0326694634142939e-06
0.48058398352743342 0.29720173555429247 0.29720377457759461 2.0390233021472248e-06
0.48171722274245327 0.29756514345128909 0.29756718884358313 2.0453922940366631e-06
0.48285119101777502 0.29792757952048665 0.2979296312969808 2.0517764941496708e-06
0.48398589050313034 0.29828904438808385 0.29829110256404151 2.0581759576643321e-06
0.48512132335373631 0.29864953867656019 0.29865160326730011 2.064590739925265e-06
0.486257491730335 0.29900906300468399 0.29901113402558033 2.0710208963325982e-06
0.48739439779920463 0.2993676179875111 0.29936969545399367 2.0774664825640166e-06
0.48853204373215842 0.29972520423637977 0.29972728816393407 2.0839275542972047e-06
0.4896704317065218 0.30008182235889896 0.30008391276306645 2.090404167487403e-06
0.49080956390519953 0.30043747295896489 0.30043956985534298 2.096896378089852e-06
0.49194944251664657 0.30079215663674724 0.30079426004098964 2.1034042423928589e-06
0.49309006973488267 0.30114587398868925 0.30114798391650577 2.1099278165181978e-06
0.4942314477594919 0.30149862560750301 0.30150074207466004 2.1164671570317317e-06
0.49537357879565885 0.30185041208217633 0.301852535104497 2.1230223206658572e-06
0.49651646505412683 0.30220123399795551 0.30220336359131955 2.1295933640419484e-06
0.49766010875123939 0.30255109193635371 0.30255322811669783 2.1361803441144467e-06
0.49880451210895782 0.30289998647515204 0.30290212925846993 2.1427833178933042e-06
0.49994967735484452 0.3032479181883902 0.30325006759073281 2.149402342610518e-06
0.50109560672209286 0.30359488764637127 0.30359704368384682 2.156037475553596e-06
0.50224230244950419 0.30394089541565061 0.30394305810442496 2.1626887743431134e-06
0.50338976678151559 0.3042859420590403 0.30428811141533685 2.1693562965441338e-06
0.50453800196823151 0.30463002813561429 0.30463220417571429 2.1760400999992768e-06
0.50568701026536755 0.30497315420068766 0.30497533694093026 2.1827402426066733e-06
0.50683679393432701 0.3053153208058354 0.30531751026261789 2.1894567824864986e-06
0.50798735524216865 0.30565652849887887 0.3056587246886569 2.1961897780364836e-06
0.50913869646160348 0.30599677782388107 0.30599898076316862 2.2029392875433373e-06
0.51029081987106462 0.30633606932116325 0.30633827902653277 2.2097053695158131e-06
0.51144372775466163 0.30667440352728759 0.30667662001537033 2.21648808274022e-06
0.51259742240217021 0.3070117809750505 0.30701400426253667 2.2232874861694008e-06
0.51375190610911747 0.30734820219350373 0.30735043229714243 2.2301036387006867e-06
0.51490718117670276 0.30768366770792765 0.30768590464452727 2.2369365996199875e-06
0.51606324991188102 0.30801817803985176 0.30802042182628003 2.2437864282687237e-06
0.51722011462730266 0.30835173370703367 0.30835398436021788 2.2506531842103605e-06
0.51837777764138326 0.30868433522347566 0.30868659276040261 2.2575369269528522e-06
0.5195362412782647 0.30901598309940992 0.30901824753712637 2.2644377164482421e-06
0.52069550786785435 0.30934667784130632 0.30934894919691897 2.2713556126485734e-06
0.5218555797458293 0.30967641995187012 0.30967869824254585 2.2782906757279342e-06
0.52301645925361584 0.31000520993003267 0.31000749517299858 2.2852429659159235e-06
0.52417814873842494 0.31033304827095831 0.31033534048350209 2.2922125437752072e-06
0.52534065055325829 0.31065993546604254 0.31066223466551252 2.2991994699794738e-06
0.5265039670569055 0.31098587200290817 0.31098817820671337 2.3062038052024114e-06
0.52766810061396485 0.31131085836540762 0.31131317159101807 2.3132256104507753e-06
0.52883305359483557 0.31163489503361785 0.31163721529856481 2.3202649469533654e-06
0.52999882837575552 0.3119579824838476 0.31196030980572353 2.3273218759389813e-06
0.53116542733879146 0.31228012118863141 0.31228245558509027 2.3343964588584676e-06
0.53233285287181864 0.31260131161672117 0.31260365310547861 2.3414887574402243e-06
0.53350110736859324 0.31292155423310292 0.31292390283193622 2.3485988333016294e-06
0.53467019322868614 0.31324084949897574 0.3132432052257243 2.3557267485596611e-06
0.53584011285755795 0.31355919787176934 0.31356156074433467 2.3628725653312976e-06
0.53701086866653158 0.31387659980513366 0.31387896984147962 2.3700363459555618e-06
0.53818246307282103 0.31419305574894391 0.31419543296709679 2.3772181528824987e-06
0.53935489849950913 0.31450856614929162 0.31451095056734041 2.3844180487841982e-06
0.54052817737558867 0.31482313144849311 0.31482552308458955 2.3916360964437722e-06
0.54170230213594206 0.3151367520850813 0.31513915095744022 2.3988723589218885e-06
0.5428772752213975 0.31544942849381791 0.31545183462071724 2.4061268993347262e-06
0.54405309907868693 0.31576116110567976 0.31576357450546089 2.4133997811315311e-06
0.54522977616047286 0.31607195034786323 0.31607437103893099 2.420691067761549e-06
0.5464073089253596 0.3163817966437848 0.31638422464460775 2.4280008229515815e-06
0.54758569983792327 0.31669070041308633 0.31669313574219693 2.4353291105949637e-06
0.54876495136867653 0.31699866207162347 0.31700110474761817 2.442675994696053e-06
0.54994506599412518 0.31730568203147785 0.31730813207301745 2.4500415395922737e-06
0.55112604619672345 0.31761176070094327 0.31761421812675283 2.4574258095655388e-06
0.55230789446494077 0.31791689848454052 0.31791936331340998 2.4648288694528731e-06
0.55349061329322891 0.31822109578300684 0.31822356803379059 2.4722507837582341e-06
0.55467420518204724 0.31852435299329995 0.3185268326849176 2.4796916176517136e-06
0.5558586726378818 0.31882667050860086 0.318829157660037 2.4871514361368696e-06
0.55704401817323601 0.31912804871830935 0.31913054334861402 2.4946303046613494e-06
0.55823024430667978 0.31942848800805423 0.31943099013634285 2.5021282886172891e-06
0.55941735356278111 0.31972798875967395 0.31973049840512774 2.5096454537854029e-06
0.56060534847219456 0.32002655135123714 0.32002906853310314 2.5171818660019163e-06
0.56179423157164243 0.32032417615703557 0.320326700894627 2.5247375914361214e-06
0.56298400540392246 0.32062086354758423 0.32062339586028044 2.5323126962017994e-06
0.56417467251790965 0.32091661388962006 0.32091915379686697 2.5399072469123318e-06
0.56536623546858156 0.3212114275461061 0.32121397506741611 2.5475213100145666e-06
0.56655869681701099 0.32150530487622808 0.32150786003118065 2.5551549525659745e-06
0.56775205913040705 0.32179824623540271 0.321800809043644 2.5628082412909592e-06
0.56894632498209596 0.32209025197527108 0.32209282245651477 2.5704812436910807e-06
0.57014149695154892 0.32238132244370404 0.32238390061773098 2.5781740269348319e-06
0.57133757762438442 0.32267145798480085 0.32267404387145954 2.5858866586903062e-06
0.5725345695923838 0.32296065893889148 0.32296325255809827 2.5936192067921304e-06
0.57373247545348161 0.32324892564253266 0.32325152701427196 2.601371739296976e-06
0.57493129781181518 0.32353625842851841 0.32353886757284256 2.6091443241504919e-06
0.57613103927770404 0.32382265762587348 0.32382527456290339 2.6169370299089501e-06
0.57733170246768684 0.32410812355986063 0.32411074830978576 2.6247499251286222e-06
0.57853329000450082 0.32439265655197452 0.32439528913505294 2.6325830784212911e-06
0.57973580451712148 0.32467625691994961 0.32467889735650862 2.6404365590093626e-06
0.58093924864075563 0.3249589249777573 0.3249615732881932 2.6483104358931975e-06
0.58214362501686412 0.32524066103560983 0.3252433172403883 2.6562047784617349e-06
0.58334893629318263 0.32552146539996396 0.32552412951962023 2.6641196562704472e-06
0.58455518512369653 0.32580133837351383 0.32580401042865292 2.6720551390968517e-06
0.58576237416868493 0.32608028025520019 0.32608296026649719 2.680011296996021e-06
0.58697050609473134 0.3263582913402116 0.32636097932841157 2.687988199967517e-06
0.58817958357473576 0.32663537191998598 0.32663806790590461 2.695985918621524e-06
0.58938960928789841 0.32691152228220605 0.32691422628672945 2.7040045234016929e-06
0.59060058591977449 0.32718674271081066 0.32718945475489586 2.7120440851957639e-06
0.59181251616224728 0.32746103348598776 0.3274637535906626 2.7201046748359659e-06
0.59302540271356874 0.3277343948841826 0.32773712307054637 2.7281863637651504e-06
0.59423924827837005 0.32800682717809926 0.32800956346732246 2.7362892232041247e-06
0.59545405556765763 0.32827833063669881 0.32828107505002374 2.7444133249288072e-06
0.59666982729885021 0.32854890552520677 0.32855165808394743 2.7525587406596053e-06
0.59788656619576352 0.3288185521051088 0.3288213128306513 2.7607255425055044e-06
0.59910427498864316 0.32908727063415744 0.32909003954796023 2.7689138027975346e-06
0.60032295641417188 0.32935506136637288 0.32935783848996675 2.777123593866726e-06
0.60154261321549762 0.32962192455204831 0.32962470990703685 2.785354988543709e-06
0.60276324814220872 0.32988786043774398 0.3298906540458037 2.7936080597146251e-06
0.60398486395039785 0.33015286926630055 0.33015567114918098 2.8018828804321494e-06
0.60520746340263343 0.33041695127683207 0.33041976145635615 2.8101795240820238e-06
0.60643104926800462 0.33068010670473541 0.33068292520279963 2.8184980642165236e-06
0.60765562432211462 0.33094233578168808 0.33094516262026275 2.8268385746654801e-06
0.60888119134710939 0.33120363873565406 0.33120647393678349 2.8352011294252577e-06
0.61010775313168641 0.33146401579088502 0.33146685937668763 2.8435858026032435e-06
0.61133531247109052 0.33172346716791928 0.33172631916058798 2.8519926686954022e-06
0.61256387216717445 0.33198199308359394 0.33198485350539642 2.8604218024752548e-06
0.61379343502836281 0.33223959375103718 0.33224246262431589 2.8688732787163218e-06
0.61502400386970735 0.33249626937967935 0.33249914672685194 2.8773471725807021e-06
0.61625558151288173 0.33275202017525174 0.33275490601881108 2.8858435593415166e-06
0.61748817078619989 0.33300684633978994 0.3330097407023046 2.8943625146604646e-06
0.61872177452463162 0.33326074807163708 0.33326365097575134 2.9029041142547563e-06
0.61995639556983273 0.3335137255654495 0.33351663703388368 2.9114684341746688e-06
0.62119203677012813 0.33376577901219351 0.33376869906774415 2.9200555506370129e-06
0.62242870098056458 0.33401690859915573 0.33401983726469592 2.9286655401916661e-06
0.62366639106289989 0.3342671145099409 0.3342700518084204 2.9372984794995283e-06
0.62490510988564185 0.33451639692447965 0.33451934287892521 2.9459544455545661e-06
0.62614486032404137 0.33476475601902717 0.33476771065254268 2.9546335155172798e-06
0.62738564526012242 0.3350121919661691 0.33501515530193582 2.9633357667147031e-06
0.62862746758270638 0.33525870493482635 0.33526167699610332 2.97206127697347e-06
0.62987033018742244 0.33550429509025737 0.33550727590038126 2.9808101238981699e-06
0.63111423597672289 0.33574896259406095 0.33575195217644699 2.9895823860370818e-06
0.63235918785989609 0.33599270760417926 0.33599570598232059 2.9983781413278621e-06
0.63360518875310001 0.33623553027490416 0.33623853747237276 3.0071974685963454e-06
0.63485224157935771 0.33647743075687675 0.33648044679732336 3.0160404466128554e-06
0.63610034926859582 0.33671840919709478 0.33672143410424926 3.0249071544807826e-06
0.63734951475764279 0.33695846573891275 0.33696149953658427 3.0337976715255621e-06
0.63859974099027772 0.33719760052205139 0.33720064323412874 3.0427120773501848e-06
0.63985103091722717 0.33743581368259734 0.33743886533304901 3.0516504516686638e-06
0.6411033874961809 0.33767310535300638 0.33767616596588096 3.0606128745835903e-06
0.64235681369183073 0.33790947566211105 0.33791254526153741 3.0695994263640891e-06
0.64361131247586767 0.33814492473512059 0.33814800334530826 3.0786101876678629e-06
0.6448668868270101 0.33837945269362646 0.33838254033886567 3.0876452392081255e-06
0.64612353973102077 0.33861305965560601 0.33861615636026809 3.0967046620866689e-06
0.64738127418075442 0.33884574573543158 0.3388488515239691 3.1057885375163075e-06
0.64864009317613514 0.33907751104386685 0.33908062594081395 3.1148969470984333e-06
0.64989999972420265 0.33930835568807566 0.33931147971804826 3.1240299726009724e-06
0.65116099683912221 0.33953827977162448 0.33954141295932072 3.1331876962359395e-06
0.65242308754221467 0.33976728339448825 0.33977042576468841 3.1423702001598386e-06
0.65368627486197761 0.3399953666530548 0.33999851823062177 3.1515775669732626e-06
0.65495056183409961 0.34022252964012778 0.34022569045000733 3.1608098795543604e-06
0.6562159515014736 0.34044877244492988 0.34045194251215077 3.1700672208923031e-06
0.65748244691424307 0.34067409515311142 0.34067727450278579 3.1793496743648397e-06
0.65875005112980745 0.34089849784675197 0.34090168650407571 3.1886573237382976e-06
0.66001876721284336 0.34112198060436477 0.34112517859461744 3.1979902526679815e-06
0.66128859823533082 0.34134454350090193 0.3413477508494473 3.207348545364308e-06
0.66255954727657296 0.34156618660775862 0.34156940334004482 3.2167322862042269e-06
0.66383161742324304 0.34178690999278172 0.34179013613434167 3.2261415599532661e-06
0.66510481176936631 0.34200671372026747 0.3420099492967188 3.2355764513214424e-06
0.6663791334163699 0.34222559785097084 0.34222884288801647 3.2450370456293953e-06
0.66765458547310297 0.34244356244210955 0.34244681696553797 3.2545234284198088e-06
0.66893117105586375 0.34266060754736954 0.34266387158305484 3.2640356852908781e-06
0.6702088932884015 0.34287673321690604 0.34288000679080832 3.2735739022848875e-06
0.67148775530198102 0.34309193949735511 0.34309522263552089 3.2831381657771885e-06
0.67276776023536777 0.34330622643183212 0.34330951916039421 3.2927285620876212e-06
0.67404891123487753 0.34351959405994054 0.34352289640511879 3.3023451782576707e-06
0.67533121145438257 0.34373204241777405 0.34373535440587533 3.311988101273311e-06
0.67661466405535831 0.34394357153792504 0.34394689319534361 3.3216574185646053e-06
0.67789927220690749 0.34415418144948928 0.3441575128027069 3.3313532176171279e-06
0.67918503908576133 0.34436387217806697 0.3443672132536536 3.3410755866380981e-06
0.68047196787631548 0.34457264374576951 0.34457599457038318 3.3508246136682018e-06
0.68176006177068293 0.34478049617122908 0.34478385677161633 3.3606003872477253e-06
0.68304932396869489 0.34498742946959937 0.34499079987259551 3.3704029961389992e-06
0.68433975767793898 0.34519344365256271 0.3451968238850921 3.3802325293819102e-06
0.68563136611376352 0.34539853872833171 0.34540192881740805 3.3900890763494118e-06
0.68692415249934047 0.34560271470166004 0.34560611467438668 3.3999727266365021e-06
0.68821812006566396 0.3458059715738433 0.34580938145741347 3.409883570171246e-06
0.68951327205161828 0.3460083093427303 0.34601172916442757 3.4198216972702866e-06
0.69080961170394717 0.34620972800271943 0.34621315778991779 3.4297871983612893e-06
0.69210714227732406 0.34641022754477041 0.34641366732493456 3.4397801641494752e-06
0.69340586703435703 0.34660980795640611 0.34661325775709195 3.4498006858396657e-06
0.69470578924565995 0.34680846922172437 0.34681192907057912 3.4598488547477046e-06
0.69600691218985122 0.34700621132139864 0.34700968124616122 3.4699247625780139e-06
0.69730923915356591 0.34720303423268095 0.34720651426118221 3.4800285012570598e-06
0.69861277343152373 0.34739893792941301 0.34740242808957617 3.490160163155398e-06
0.69991751832653981 0.34759392238202891 0.34759742270186961 3.5003198406990954e-06
0.70122347714955635 0.34778798755756074 0.34779149806518761 3.5105076268693303e-06
0.70253065321967811 0.34798113341964487 0.34798465414325974 3.5207236148693255e-06
0.70383904986419743 0.34817335992852672 0.34817689089642478 3.5309678980688375e-06
0.70514867041863161 0.34836466704106706 0.34836820828163739 3.5412405703372229e-06
0.70645951822675712 0.34855505471074816 0.34855860625247381 3.5515417256548609e-06
0.70777159664063205 0.34874452288767788 0.34874808475913638 3.5618714585017308e-06
0.70908490902064636 0.34893307151859809 0.34893664374846167 3.5722298635798566e-06
0.71039945873554822 0.34912070054688926 0.34912428316392513 3.5826170358688181e-06
0.71171524916245055 0.34930740991257248 0.34931100294564316 3.5930330706812619e-06
0.71303228368690308 0.34949319955232067 0.34949680303038438 3.6034780637184127e-06
0.71435056570290156 0.34967806939946083 0.34968168335157185 3.6139521110145623e-06
0.71567009861293884 0.34986201938398237 0.34986564383929097 3.6244553086040021e-06
0.71699088582801773 0.35004504943253956 0.3500486844202928 3.6349877532426689e-06
0.71831293076771741 0.35022715946846211 0.35023080501800397 3.6455495418530326e-06
0.71963623686020262 0.35040834941175708 0.3504120055525286 3.6561407715240968e-06
0.7209608075422701 0.35058861917911643 0.35059228594065645 3.6667615400109987e-06
0.72228664625938066 0.35076796868392224 0.3507716460958672 3.6774119449578535e-06
0.72361375646569592 0.3509463978362527 0.35095008592833749 3.6880920847859322e-06
0.72494214162411164 0.35112390654288761 0.35112760534494547 3.6988020578609948e-06
0.72627180520631263 0.35130049470731661 0.35130420424927972 3.7095419631039128e-06
0.72760275069277824 0.35147616222974098 0.35147988254164064 3.7203118996576023e-06
0.72893498157284986 0.35165090900708335 0.35165464011905034 3.7311119669980464e-06
0.7302685013447533 0.35182473493299166 0.35182847687525676 3.7419422651008283e-06
0.73160331351563734 0.35199763989784516 0.35200139270073927 3.7528028941080649e-06
0.73293942160161729 0.35216962378876104 0.35217338748271548 3.7636939544394288e-06
0.73427682912782444 0.3523406864896016 0.35234446110514861 3.7746155470141929e-06
0.73561553962843007 0.35251082788097821 0.35251461344875124 3.7855677730291859e-06
0.73695555664668166 0.35268004784025697 0.35268384439099093 3.7965507339587923e-06
0.7382968837349474 0.35284834624156519 0.35285215380609697 3.8075645317769968e-06
0.73963952445476377 0.35301572295579819 0.35301954156506682 3.8186092686243178e-06
0.74098348237688261 0.35318217785062622 0.35318600753567325 3.8296850470298516e-06
0.74232876108129398 0.35334771079049787 0.35335155158246789 3.8407919700222948e-06
0.74367536415727231 0.35351232163664698 0.35351617356678766 3.8519301406858553e-06
0.74502329520343469 0.35367601024710027 0.35367987334676304 3.8630996627708747e-06
0.74637255782775691 0.35383877647668038 0.35384265077732058 3.8743006401942282e-06
0.74772315564764258 0.35400062017701495 0.35400450571019221 3.8855331772613688e-06
0.74907509228994518 0.35416154119654009 0.35416543799391864 3.8967973785553056e-06
0.75042837139102581 0.35432153938050803 0.35432544747385719 3.9080933491586478e-06
0.75178299659679892 0.35448061457099328 0.35448453399218782 3.9194211945425828e-06
0.75313897156275555 0.35463876660689631 0.35464269738791659 3.9307810202893201e-06
0.75449629995403067 0.35479599532395195 0.35479993749688454 3.9421729325916921e-06
0.75585498544542717 0.35495230055473315 0.35495625415177101 3.9535970378645757e-06
0.75721503172149163 0.35510768212866017 0.35511164718210314 3.9650534429669371e-06
0.75857644247652434 0.35526213987200272 0.35526611641425782 3.9765422550908092e-06
0.75993922141466042 0.35541567360788973 0.35541966167147149 3.9880635817612919e-06
0.76130337224989775 0.35556828315631311 0.35557228277384406 3.9996175309475746e-06
0.76266889870613486 0.35571996833413283 0.35572397953834378 4.011204210951913e-06
0.76403580451724795 0.35587072895508592 0.35587475177881633 4.0228237304096304e-06
0.76540409342710836 0.35602056482978928 0.35602459930598773 4.0344761984556499e-06
0.76677376918965223 0.3561694757657477 0.35617352192747204 4.0461617243359171e-06
0.76814483556891533 0.35631746156735833 0.35632151944777646 4.0578804181290451e-06
0.76951729633907373 0.35646452203591572 0.35646859166830558 4.0696323898581355e-06
0.77089115528453211 0.35661065696962185 0.35661473838737195 4.0814177501014015e-06
0.77226641619994296 0.35675586616358862 0.35675995940019845 4.0932366098256345e-06
0.77364308289026151 0.3569001494098441 0.35690425449892454 4.1050890804417151e-06
0.77502115917079484 0.3570435064973384 0.35704762347261204 4.1169752736380794e-06
0.77640064886725457 0.35718593721194952 0.35719006610725096 4.1288953014362306e-06
0.77778155581583341 0.35732744133649164 0.35733158218576816 4.1408492765238059e-06
0.77916388386320434 0.35746801865071559 0.35747217148802729 4.1528373116994644e-06
0.78054763686662787 0.35760766893132018 0.35761183379084044 4.1648595202614658e-06
0.78193281869398157 0.3577463919519554 0.3577505688679713 4.1769160158966478e-06
0.78331943322379827 0.35788418748322676 0.35788837649013955 4.1890069127914487e-06
0.78470748434533855 0.35802105529270289 0.3580252564250283 4.201132325409862e-06
0.78609697595866423 0.358156995144923 0.35816120843729166 4.213292368659971e-06
0.78748791197465007 0.35829200680139828 0.35829623228855612 4.2254871578384368e-06
0.78888029631505141 0.35842609002061898 0.35843032773742772 4.2377168087415207e-06
0.79027413291260029 0.35855924455806365 0.35856349453950104 4.2499814373875289e-06
0.79166942571101184 0.35869147016620018 0.35869573244736058 4.2622811604053901e-06
0.79306617866507212 0.35882276659449408 0.35882704121058884 4.2746160947570999e-06
0.79446439574067196 0.35895313358941211 0.35895742057576985 4.286986357737721e-06
0.79586408091488581 0.35908257089442958 0.35908687028649672 4.2993920671419161e-06
0.79726523817602613 0.35921107825003551 0.35921539008337677 4.3118333412639487e-06
0.79866787152367291 0.35933865539373561 0.35934297970403423 4.3243102986201265e-06
0.8000719849687844 0.35946530206006216 0.35946963888312056 4.3368230583928913e-06
0.80147758253371904 0.3595910179805763 0.35959536735231629 4.3493717399867293e-06
0.80288466825231297 0.35971580288387467 0.35972016484033803 4.3619564633612384e-06
0.80429324616992259 0.35983965649559335 0.35984403107294216 4.3745773488090833e-06
0.8057033203434979 0.35996257853841435 0.35996696577293147 4.3872345171225291e-06
0.80711489484165344 0.36008456873207145 0.36008896866016094 4.3999280894824189e-06
0.80852797374471386 0.36020562679335433 0.36021003945154195 4.4126581876247073e-06
0.80994256114479313 0.36032575243611492 0.36033017786104848 4.4254249335629048e-06
0.81135866114584898 0.36044494537127203 0.36044938359972195 4.4382284499211444e-06
0.81277627786372508 0.36056320530681474 0.36056765637567428 4.4510688595456038e-06
0.81419541542625884 0.36068053194781102 0.36068499589409692 4.4639462858930834e-06
0.81561607797331248 0.3607969249964102 0.36080140185726312 4.4768608529199838e-06
0.81703826965686932 0.3609123841518504 0.36091687396453515 4.4898126847492392e-06
0.81846199464106539 0.36102690911046081 0.36103141191236721 4.5028019063919622e-06
0.81988725710226129 0.36114049956566724 0.3611450153943101 4.5158286428592653e-06
0.82131406122913619 0.36125315520799905 0.36125768410101911 4.5288930200504396e-06
0.82274241122273273 0.3613648757250924 0.36136941772025644 4.5419951640313094e-06
0.82417231129652246 0.36147566080169491 0.36148021593689628 4.5551352013672997e-06
0.82560376567648897 0.36158551011967149 0.36159007843293062 4.5683132591234354e-06
0.82703677860118985 0.36169442335800878 0.3616990048874737 4.5815294649198535e-06
0.82847135432184182 0.36180240019282078 0.36180699497676744 4.5947839466542462e-06
0.82990749710235856 0.36190944029735134 0.36191404837418428 4.6080768329459509e-06
0.83134521121944016 0.36201554334198005 0.36202016475023274 4.621408252691861e-06
0.83278450096264267 0.36212070899422688 0.36212534377256217 4.6347783352884697e-06
0.83422537063446078 0.3622249369187574 0.36222958510596809 4.6481872106873823e-06
0.83566782455039379 0.36232822677738674 0.36233288841239603 4.6616350092842929e-06
0.83711186703899221 0.36243057822908231 0.36243525335094434 4.6751218620300072e-06
0.8385575024419667 0.36253199092997079 0.36253667957787095 4.6886479001528869e-06
0.84000473511426632 0.36263246453334252 0.36263716674659818 4.7022132556584495e-06
0.84145356942411831 0.36273199868965356 0.36273671450771444 4.7158180608852796e-06
0.84290400975312729 0.36283059304653159 0.36283532250898015 4.7294624485605397e-06
0.84435606049635581 0.36292824724878031 0.36293299039533244 4.7431465521330374e-06
0.84580972606237936 0.36302496093838232 0.36302971780888776 4.7568705054401583e-06
0.84726501087338446 0.36312073375450449 0.36312550438894731 4.7706344428188885e-06
0.84872191936523844 0.36321556533350152 0.36322034977200074 4.7844384992168365e-06
0.85018045598756498 0.36330945530891978 0.36331425359172964 4.7982828098591668e-06
0.85164062520382788 0.36340240331150153 0.36340721547901222 4.8121675106926887e-06
0.85310243149140408 0.36349440896918844 0.3634992350619265 4.8260927380527896e-06
0.85456587934168726 0.36358547190712681 0.3635903119657557 4.8400586288854797e-06
0.85603097326013089 0.36367559174766895 0.36368044581298958 4.8540653206363693e-06
0.85749771776635142 0.36376476811037844 0.36376963622332975 4.8681129513061805e-06
0.85896611739422024 0.36385300061203418 0.36385788281369347 4.8822016592842132e-06
0.8604361766919143 0.36394028886663216 0.36394518519821578 4.8963315836259014e-06
0.86190790022204411 0.36402663248539163 0.36403154298825546 4.910502863830768e-06
0.86338129256170681 0.36411203107675671 0.36411695579239672 4.9247156400089587e-06
0.86485635830257002 0.36419648424639972 0.36420142321645249 4.9389700527702196e-06
0.86633310205097569 0.36427999159722574 0.36428494486346891 4.953266243168386e-06
0.86781152842801124 0.36436255272937484 0.36436752033372788 4.9676043530344494e-06
0.86929164206959963 0.36444416724022577 0.3644491492247503 4.9819845245324679e-06
0.87077344762659381 0.36452483472439923 0.36452983113129961 4.9964069003816114e-06
0.8722569497648629 0.36460455477376097 0.36460956564538505 5.0108716240782059e-06
0.87374215316537496 0.3646833269774245 0.36468835235626396 5.0253788394516441e-06
0.87522906252429156 0.36476115092175432 0.3647661908504452 5.0399286908864305e-06
0.8767176825530465 0.36483802619036815 0.36484308071169158 5.0545213234332032e-06
0.87820801797845593 0.36491395236414093 0.36491902152102357 5.0691568826422007e-06
0.87970007354280677 0.36498892902120711 0.36499401285672189 5.0838355147853065e-06
0.88119385400392858 0.36506295573696257 0.36506805429432904 5.098557366467471e-06
0.88268936413530374 0.36513603208406797 0.36514114540665293 5.1133225849597785e-06
0.88418660872617028 0.36520815763245179 0.36521328576376993 5.1281313181439359e-06
0.8856855925815984 0.36527933194931184 0.36528447493302629 5.1429837144567614e-06
0.88718632052259594 0.36534955459911816 0.36535471247904117 5.1578799230012073e-06
0.88868879738618956 0.36541882514361473 0.36542399796370806 5.1728200933243151e-06
0.89019302802554656 0.36548714314182285 0.36549233094619854 5.1878043756947712e-06
0.89169901731005008 0.3655545081500422 0.36555971098296303 5.202832920825351e-06
0.89320677012541116 0.36562091972185368 0.36562613762773388 5.2179058802059863e-06
0.89471629137375486 0.36568637740812077 0.36569161043152648 5.233023405715187e-06
0.89622758597373986 0.36575088075699241 0.36575612894264253 5.2481856501196411e-06
0.89774065886063281 0.36581442931390368 0.36581969270667014 5.2633927664635927e-06
0.89925551498643685 0.36587702262157873 0.36588230126648735 5.2786449086239529e-06
0.90077215931998256 0.36593866022003202 0.36594395416226305 5.2939422310327444e-06
0.90229059684702184 0.36599934164656955 0.36600465093145834 5.3092848887881239e-06
0.9038108325703329 0.3660590664357905 0.36606439110882805 5.3246730375433593e-06
0.90533287150983277 0.36611783411958898 0.3661231742264226 5.3401068336178525e-06
0.90685671870269169 0.36617564422715582 0.36618099981358959 5.3555864337750947e-06
0.90838237920342668 0.36623249628497917 0.36623786739697489 5.3711119957222664e-06
0.90990985808399971 0.36628838981684558 0.3662937765005233 5.3866836777216598e-06
0.91143916043393569 0.36634332434384148 0.36634872664547996 5.4023016384796563e-06
0.91297029136045227 0.36639729938435478 0.36640271735039232 5.4179660375353045e-06
0.91450325598852467 0.36645031445407444 0.36645574813110937 5.4336770349272534e-06
0.91603805946102834 0.36650236906599237 0.3665078185007839 5.4494347915268193e-06
0.91757470693884058 0.36655346273040385 0.36655892796987255 5.4652394687049188e-06
0.91911320360095539 0.3666035949549083 0.36660907604613685 5.4810912285541136e-06
0.92065355464460086 0.36665276524440998 0.36665826223464387 5.4969902338886101e-06
0.92219576528533609 0.36670097310111804 0.36670648603776607 5.5129366480222153e-06
0.92373984075717508 0.3667482180245471 0.36675374695518226 5.5289306351569145e-06
0.92528578631271341 0.36679449951151794 0.36680004448387787 5.5449723599387823e-06
0.9268336072232225 0.36683981705615709 0.36684537811814494 5.5610619878465606e-06
0.92838330877879993 0.36688417014989777 0.36688974734958285 5.577199685080636e-06
0.92993489628843695 0.36692755828147861 0.36693315166709695 5.5933856183409958e-06
0.93148837508019189 0.36696998093694505 0.36697559055690021 5.6096199551602943e-06
0.93304375050128718 0.36701143759964838 0.36701706350251212 5.6259028637373198e-06
0.93460102791820832 0.36705192775024514 0.36705756998475814 5.6422345129925056e-06
0.93616021271686234 0.36709145086669748 0.36709710948176993 5.6586150724569073e-06
0.93772131030268335 0.36713000642427229 0.36713568146898473 5.6750447124387371e-06
0.93928432610075085 0.3671675938955406 0.36717328541914462 5.691523604023363e-06
0.94084926555592663 0.36720421275037707 0.36720992080229592 5.7080519188512646e-06
0.9424161341329752 0.36723986245595913 0.36724558708578858 5.7246298294511e-06
0.94398493731668454 0.36727454247676594 0.3672802837342749 5.7412575089621498e-06
0.94555568061201101 0.36730825227457786 0.36731401020970911 5.7579351312453397e-06
0.94712836954418922 0.36734099130847486 0.3673467659713458 5.7746628709387515e-06
0.94870300965888665 0.36737275903483579 0.36737855047573931 5.7914409035131342e-06
0.95027960652230292 0.3674035549073365 0.3674093631767415 5.8082694049943484e-06
0.95185816572131121 0.36743337837694867 0.36743920352550091 5.8251485522409219e-06
0.95343869286359884 0.36746222889193836 0.36746807097046125 5.8420785228885386e-06
0.95502119357780324 0.36749010589786446 0.36749596495735981 5.8590594953500386e-06
0.95660567351364656 0.36751700883757682 0.36752288492922547 5.8760916486488846e-06
0.95819213834205397 0.36754293715121428 0.36754883032637714 5.8931751628632512e-06
0.95978059375530678 0.36756789027620285 0.36757380058642131 5.910310218459891e-06
0.96137104546719465 0.36759186764725382 0.36759779514425078 5.9274969969602687e-06
0.96296349921311231 0.36761486869636095 0.36762081343204156 5.9447356806074936e-06
0.96455796075023481 0.36763689285279877 0.36764285487925108 5.9620264523108091e-06
0.96615443585765914 0.36765793954311993 0.36766391891261591 5.9793694959786592e-06
0.96775293033652199 0.36767800819115248 0.36768400495614872 5.9967649962411329e-06
0.9693534500101626 0.36769709821799751 0.36770311243113579 6.0142131382834307e-06
0.97095600072427213 0.3677152090420262 0.36772124075613466 6.0317141084564874e-06
0.97256058834701531 0.36773234007887684 0.36773838934697051 6.049268093666349e-06
0.97416721876919865 0.36774849074145188 0.36775455761673376 6.0668752818737737e-06
0.97577589790440422 0.36776366043991482 0.36776974497577636 6.0845358615391198e-06
0.97738663168915041 0.36777784858168683 0.36778395083170912 6.1022500222884801e-06
0.97899942608304502 0.36779105457144362 0.36779717458939792 6.1200179543030586e-06
0.98061428706892706 0.36780327781111155 0.36780941565096026 6.137839848707749e-06
0.98223122065301571 0.36781451769986423 0.36782067341576175 6.1557158975156234e-06
0.98385023286508599 0.36782477363411875 0.36783094728041227 6.1736462935169101e-06
0.98547132975860496 0.36783404500753158 0.36784023663876203 6.1916312304455268e-06
0.98709451741088039 0.36784233121099469 0.36784854088189739 6.2096709027015251e-06
0.98871980192324693 0.36784963163263135 0.36785585939813709 6.2277655057396686e-06
0.99034718942119926 0.36785594565779189 0.36786219157302769 6.2459152357918768e-06
0.99197668605456968 0.36786127266904917 0.3678675367893392 6.2641202900337589e-06
0.99360829799766692 0.36786561204619411 0.36787189442706059 6.2823808664735914e-06
0.99524203144947554 0.36786896316623097 0.36787526386339492 6.3006971639523179e-06
0.99687789263379167 0.36787132540337253 0.36787764447275478 6.3190693822545718e-06
0.99851588779939293 0.36787269812903511 0.36787903562675717 6.3374977220531648e-06
1.000156023220212 0.36787308071183339 0.3678794366942183 6.3559823849090868e-06
1.001798305195486 0.36787247251757538 0.36787884704114882 6.3745235734380401e-06
1.0034427400499633 0.3678708729092568 0.36787726603074766 6.3931214908663492e-06
1.0050893341340374 0.36786828124705573 0.36787469302339731 6.4117763415860729e-06
1.0067380938239461 0.36786469688832685 0.36787112737665778 6.4304883309329597e-06
1.0083890255219186 0.36786011918759565 0.36786656844526067 6.449257665019914e-06
1.0100421356563669 0.36785454749655255 0.36786101558110346 6.4680845509035301e-06
1.0116974306820656 0.36784798116404671 0.36785446813324346 6.4869691967506249e-06
1.0133549170803173 0.36784041953607982 0.36784692544789138 6.5059118115606829e-06
1.0150146013591459 0.3678318619557997 0.36783838686840498 6.524912605276878e-06
1.0166764900534615 0.36782230776349389 0.36782885173528274 6.5439717888415849e-06
1.0183405897252553 0.36781175629658275 0.36781831938615689 6.5630895741408679e-06
1.0200069069637847 0.36780020688961262 0.3678067891557868 6.5822661741710142e-06
1.0216754483857351 0.36778765887424919 0.36779426037605184 6.6015018026499561e-06
1.0233462206354411 0.36777411157926987 0.36778073237594433 6.62079667446136e-06
1.0250192303850534 0.36775956433055673 0.36776620448156233 6.6401510055991153e-06
1.0266944843347263 0.36774401645108912 0.36775067601610184 6.6595650127232453e-06
1.0283719892128123 0.36772746726093597 0.3677341462998498 6.6790389138260409e-06
1.030051751776069 0.3677099160772479 0.36771661465017569 6.6985729277879713e-06
1.0317337788098444 0.36769136221424936 0.3676980803815238 6.7181672744331955e-06
1.0334180771282635 0.36767180498323065 0.36767854280540541 6.7378221747516065e-06
1.035104653574429 0.3676512436925396 0.36765800123039027 6.7575378506767869e-06
1.0367935150206296 0.36762967764757309 0.3676364549620984 6.7773145253080536e-06
1.0384846683685436 0.36760710615076841 0.36761390330319105 6.7971524226329016e-06
1.0401781205494205 0.36758352850159476 0.36759034555336262 6.8170517678600717e-06
1.041873878524304 0.3675589439965441 0.36756578100933118 6.8370127870864827e-06
1.0435719492842297 0.36753335192912223 0.36754020896482986 6.857035707630299e-06
1.0452723398504418 0.36750675158983925 0.36751362871059712 6.8771207578643967e-06
1.0469750572745904 0.36747914226620043 0.36748603953436765 6.8972681672163638e-06
1.0486801086389468 0.36745052324269656 0.36745744072086273 6.9174781661685003e-06
1.0503875010566315 0.36742089380079379 0.36742783155178016 6.9377509863688402e-06
1.0520972416717904 0.36739025321892443 0.36739721130578507 6.9580868606311519e-06
1.0538093376598465 0.36735860077247623 0.36736557925849894 6.9784860227128931e-06
1.0555237962277066 0.36732593573378219 0.36733293468248995 6.9989487077593004e-06
1.0572406246139932 0.36729225737210991 0.36729927684726166 7.0194751517482779e-06
1.0589598300892344 0.36725756495365142 0.36726460501924352 7.0400655921010191e-06
1.0606814199561243 0.36722185774151184 0.36722891846177891 7.0607202670713853e-06
1.0624054015497328 0.36718513499569833 0.36719221643511457 7.0814394162455052e-06
1.0641317822377176 0.36714739597310936 0.3671544981963899 7.1022232805417751e-06
1.0658605694205672 0.36710863992752313 0.3671157629996249 7.1230721017667697e-06
1.0675917705318527 0.36706886610958533 0.36707601009570834 7.1439861230038204e-06
1.0693253930384345 0.36702807376679797 0.36703523873238647 7.1649655885019925e-06
1.071061444440695 0.36698626214350744 0.36699344815425133 7.1860107438981302e-06
1.0727999322727944 0.36694343048089201 0.36695063760272778 7.2071218357727673e-06
1.0745408641028988 0.36689957801694961 0.36690680631606165 7.2282991120387052e-06
1.0762842475334296 0.36685470398648501 0.36686195352930701 7.2495428219965241e-06
1.0780300902012905 0.36680880762109763 0.36681607847431352 7.2708532158904937e-06
1.0797783997781323 0.36676188814916788 0.36676918037971323 7.2922305453526626e-06
1.0815291839705854 0.36671394479584452 0.36672125847090775 7.3136750632363245e-06
1.083282450520517 0.366664976783031 0.36667231197005473 7.3351870237270411e-06
1.0850382072052929 0.36661498332937159 0.36662234009605382 7.3567666822316191e-06
1.0867964618380017 0.36656396365023841 0.36657134206453384 7.3784142954336218e-06
1.0885572222677371 0.36651191695771673 0.36651931708783797 7.4001301212378578e-06
1.0903204963798421 0.36645884246059118 0.36646626437501029 7.4219144191034481e-06
1.0920862920961825 0.36640473936433093 0.36641218313178031 7.4437674493776917e-06
1.0938546173754102 0.36634960687107487 0.366357072560549 7.4656894741287338e-06
1.0956254802132106 0.36629344417961757 0.36630093186037405 7.4876807564794312e-06
1.0973988886425841 0.36623625048539349 0.36624376022695448 7.5097415609959306e-06
1.0991748507341068 0.36617802498046215 0.36618555685261583 7.5318721536876687e-06
1.1009533745962126 0.36611876685349221 0.36612632092629394 7.5540728017298164e-06
1.1027344683754698 0.36605847528974567 0.36606605163351946 7.5763437737963457e-06
1.1045181402568376 0.36599714947106254 0.36600474815640244 7.5986853398934961e-06
1.1063043984639644 0.36593478857584411 0.36594240967361535 7.6210977712487527e-06
1.1080932512594686 0.36587139177903633 0.36587903536037725 7.6435813409214681e-06
1.1098847069452071 0.36580695825211396 0.36581462438843687 7.6661363229146851e-06
1.1116787738625873 0.36574148716306254 0.36574917592605549 7.6887629929522916e-06
1.1134754603928227 0.36567497767636264 0.36568268913799068 7.7114616280349324e-06
1.115274774957258 0.36560742895297127 0.36561516318547782 7.7342325065510309e-06
1.117076726017658 0.36553884015030419 0.36554659722621274 7.757075908554345e-06
1.1188813220764764 0.36546921042221953 0.36547699041433496 7.7799921154309004e-06
1.120688571677191 0.36539853891899793 0.36540634190040788 7.8029814099545014e-06
1.1224984834045628 0.36532682478732625 0.36533465083140282 7.8260440765642869e-06
1.1243110658849991 0.36525406717027636 0.36526191635067745 7.8491804010871746e-06
1.126126327786799 0.36518026520728902 0.36518813759795976 7.872390670737861e-06
1.1279442778205218 0.36510541803415225 0.36511331370932681 7.8956751745629106e-06
1.1297649247392594 0.36502952478298373 0.36503744381718656 7.919034202830133e-06
1.1315882773389661 0.36495258458221064 0.36496052705025817 7.9424680475281839e-06
1.1334143444587759 0.3648745965565498 0.36488256253355189 7.9659770020890086e-06
1.1352431349813328 0.36479555982698714 0.36480354938834869 7.9895613615543759e-06
1.1370746578331028 0.36471547351075795 0.36472348673218058 8.0132214226313891e-06
1.1389089219847102 0.36463433672132567 0.36464237367880903 8.0369574833594193e-06
1.1407459364512482 0.36455214856836193 0.36456020933820565 8.0607698437207276e-06
1.1425857102926535 0.36446890815772348 0.36447699281652851 8.0846588050298429e-06
1.1444282526139846 0.3643846145914334 0.36439272321610378 8.108624670377651e-06
1.1462735725658237 0.3642992669676563 0.36430739963540071 8.1326677444093498e-06
1.1481216793445645 0.36421286438067907 0.3642210211690125 8.1567883334354718e-06
1.1499725821928064 0.3641254059208861 0.36413358690763153 8.1809867454318841e-06
1.151826290399671 0.36403689067473827 0.36404509593802836 8.2052632900952993e-06
1.1536828133011723 0.36394731772474903 0.36395554734302787 8.2296182788432759e-06
1.1555421602805305 0.36385668614946354 0.36386494020148819 8.2540520246476845e-06
1.1574043407686043 0.36376499502343124 0.36377327358827355 8.2785648423122637e-06
1.1592693642441843 0.36367224341718574 0.36368054657423404 8.3031570483060868e-06
1.161137240234392 0.36357843039721882 0.3635867582261797 8.3278289608745837e-06
1.1630079783150464 0.36348355502595636 0.3634919076068564 8.3525809000395412e-06
1.1648815881110222 0.36338761636173422 0.36339599377492177 8.377413187543592e-06
1.1667580792966359 0.36329061345877278 0.36329901578491969 8.4023261469057253e-06
1.1686374615960475 0.36319254536715034 0.36320097268725388 8.4273201035323098e-06
1.1705197447835813 0.36309341113278087 0.36310186352816548 8.4523953846060706e-06
1.1724049386841724 0.36299320979738492 0.36300168734970395 8.477552319030579e-06
1.1742930531737255 0.36289194039846479 0.36290044318970249 8.5027912377078074e-06
1.1761840981795226 0.36278960196927734 0.36279813008175055 8.5281124732050628e-06
1.1780780836805969 0.36268619353880849 0.36269474705516863 8.5535163601435649e-06
1.1799750197081662 0.36258171413174384 0.36259029313497898 8.5790032351429346e-06
1.1818749163460061 0.36247616276844324 0.36248476734187951 8.6045734362660831e-06
1.1837777837308896 0.36236953846491088 0.36237816869221479 8.6302273039073896e-06
1.1856836320529764 0.36226184023276847 0.36227049619794877 8.6559651802931015e-06
1.1875924715562352 0.36215306707922629 0.36216174886663577 8.6817874094813341e-06
1.1895043125388567 0.36204321800705463 0.36205192570139216 8.7076943375286042e-06
1.1914191653536959 0.36193229201455351 0.36194102570086623 8.7336863127118747e-06
1.1933370404086778 0.36182028809552447 0.36182904785920927 8.7597636848069094e-06
1.1952579481672549 0.36170720523923888 0.36171599116604503 8.7859268061429852e-06
1.197181899148815 0.36159304243040952 0.36160185460644029 8.8121760307702246e-06
1.1991089039291423 0.36147779864915847 0.36148663716087337 8.8385117149036851e-06
1.2010389731408395 0.36136147287098763 0.36137033780520439 8.8649342167568257e-06
1.2029721174738246 0.36124406406674425 0.36125295551064085 8.8914438965970177e-06
1.2049083476757145 0.36112557120259342 0.36113448924371017 8.9180411167455453e-06
1.2068476745523533 0.36100599323998156 0.36101493796622341 8.944726241855161e-06
1.2087901089682245 0.36088532913560689 0.36089430063524536 8.9714996384659962e-06
1.210735661846934 0.36076357784138557 0.36077257620306108 8.9983616755051621e-06
1.2126843441716741 0.36064073830441884 0.36064976361714263 9.0253127237871489e-06
1.2146361669857253 0.36051680946695747 0.36052586182011404 9.0523531565689375e-06
1.2165911413928916 0.36039179026637075 0.36040086974971991 9.0794833491614213e-06
1.2185492785580319 0.3602656796351088 0.36027478633878796 9.1067036791514511e-06
1.2205105897075235 0.36013847650066955 0.36014761051519589 9.1340145263463235e-06
1.2224750861297606 0.36001017978556293 0.36001934120183576 9.1614162728292925e-06
1.2244427791756454 0.35988078840727583 0.35988997731657874 9.1889093029040581e-06
1.2264136802591112 0.35975030127823476 0.35975951777223802 9.2164940032612996e-06
1.2283878008576248 0.35961871730576961 0.35962796147653248 9.2441707628676539e-06
1.2303651525126871 0.35948603539207757 0.35949530733205065 9.2719399730767371e-06
1.2323457468303685 0.35935225443418478 0.35936155423621219 9.2998020274071003e-06
1.2343295954818314 0.35921737332390841 0.35922670108123045 9.3277573220418297e-06
1.2363167102038455 0.35908139094781949 0.35909074675407493 9.355806255439969e-06
1.2383071027993415 0.35894430618720286 0.35895369013643114 9.3839492282810077e-06
1.2403007851379311 0.35880611791801942 0.35881553010466344 9.4121866440199931e-06
1.2422977691564689 0.35866682501086533 0.35867626552977377 9.4405189084434404e-06
1.2442980668596089 0.35852642633093162 0.35853589527736118 9.4689464295583115e-06
1.246301690320339 0.35838492073796507 0.35839441820758339 9.4974696183136587e-06
1.2483086516805659 0.35824230708622573 0.35825183317511355 9.5260888878234695e-06
1.2503189631516598 0.35809858422444701 0.3581081390291011 9.5548046540883114e-06
1.2523326370150463 0.35795375099579246 0.35796333461312785 9.5836173353847087e-06
1.2543496856227823 0.35780780623781361 0.35781741876516632 9.6125273527092325e-06
1.2563701213981207 0.35766074878240856 0.35767039031753811 9.6415351295564555e-06
1.2583939568361364 0.35751257745577586 0.35752224809686817 9.6706410923075303e-06
1.26042120450429 0.35736329107837339 0.35737299092404307 9.6998456696750779e-06
1.262451877043069 0.35721288846487087 0.35722261761416424 9.7291492933693213e-06
1.264485987166567 0.35706136842410735 0.35707112697650489 9.7585523975429744e-06
1.2665235476630834 0.35690872975904692 0.35691851781446626 9.7880554193463531e-06
1.2685645713957978 0.35675497126672884 0.35676478892552721 9.8176587983722641e-06
1.270609071303362 0.35660009173822388 0.35660993910120115 9.8473629772666271e-06
1.2726570604005334 0.3564440899585874 0.35645396712698874 9.8771684013398975e-06
1.2747085517788133 0.35628696470681215 0.35629687178233094 9.9070755187891102e-06
1.2767635586071198 0.35612871475577818 0.35613865184055882 9.937084780642369e-06
1.2788220941324395 0.35596933887220461 0.35597930606884542 9.9671966408143575e-06
1.2808841716804606 0.35580883581660255 0.35581883322815872 9.9974115561618504e-06
1.2829498046562584 0.35564720434322417 0.35565723207321054 1.0027729986372691e-05
1.2850190065449651 0.35548444320001282 0.35549450135240701 1.0058152394187836e-05
1.2870917909124748 0.35532055112855038 0.35533063980779578 1.0088679245401355e-05
1.2891681714060945 0.35515552686400897 0.35516564617501745 1.0119311008471854e-05
1.2912481617552578 0.35498936913509754 0.35499951918325284 1.0150048155299629e-05
1.2933317757722429 0.35482207666400817 0.35483225755516895 1.0180891160782579e-05
1.2954190273528632 0.35465364816636469 0.35466386000686739 1.0211840502705183e-05
1.2975099304772004 0.35448408235116763 0.35449432524782992 1.024289666229361e-05
1.2996044992103168 0.35431337792074113 0.35432365198086468 1.0274060123549589e-05
1.3017027477029994 0.35414153357067701 0.35415183890205104 1.030533137402756e-05
1.3038046901924969 0.35396854798977961 0.35397888470068378 1.0336710904168545e-05
1.3059103410032673 0.35379441986000981 0.35380478805921761 1.0368199207799744e-05
1.3080197145477419 0.35361914785642756 0.3536295476532097 1.0399796782134541e-05
1.3101328253270874 0.35344273064713472 0.35345316215126232 1.0431504127605962e-05
1.312249687931959 0.35326516689321874 0.35327563021496655 1.0463321747811172e-05
1.3143703170433227 0.35308645524869042 0.35309695049884043 1.0495250150011071e-05
1.3164947274332073 0.35290659436042771 0.35291712165027228 1.0527289844575183e-05
1.3186229339655284 0.35272558286811351 0.3527361423094591 1.055944134559228e-05
1.3207549515968859 0.35254341940417572 0.35255401110934609 1.059170517037078e-05
1.3228907953773739 0.35236010259372641 0.35237072667556613 1.0624081839716304e-05
1.3250304804514168 0.35217563105449851 0.35218628762637666 1.065657187815372e-05
1.3271740220585919 0.35199000339678416 0.3520006925725977 1.0689175813538565e-05
1.3293214355344889 0.35180321822336957 0.35181394011754713 1.0721894177556646e-05
1.3314727363115302 0.35161527412947358 0.35162602885697886 1.0754727505279948e-05
1.3336279399198658 0.35142616970267976 0.35143695737901531 1.0787676335555219e-05
1.3357870619882248 0.35123590352287237 0.35124672426408338 1.0820741211003959e-05
1.3379501182448021 0.35104447416216933 0.3510553280848473 1.0853922677966921e-05
1.3401171245181183 0.35085188018485775 0.35086276740614408 1.0887221286337567e-05
1.3422880967379642 0.35065812014732189 0.35066904078491196 1.0920637590061677e-05
1.3444630509362947 0.35046319259797609 0.3504741467701229 1.0954172146804275e-05
1.3466420032481277 0.3502670960771968 0.35027808390271475 1.0987825517949634e-05
1.3488249699125037 0.35006982911724988 0.3500808507155192 1.1021598269322919e-05
1.3510119672733933 0.34987139024222241 0.34988244573319244 1.1055490970024451e-05
1.3532030117806557 0.34967177796795024 0.349682867472144 1.1089504193761979e-05
1.3553981199910141 0.34947099080194388 0.34948211444046157 1.1123638517684942e-05
1.3575973085690272 0.3492690272433151 0.34928018513783865 1.1157894523550205e-05
1.3598005942880533 0.34906588578270437 0.3490770780555012 1.119227279683388e-05
1.3620079940312368 0.34886156490220638 0.34887279167613389 1.1226773927508482e-05
1.3642195247925344 0.34865606307529207 0.34866732447380144 1.1261398509376797e-05
1.3664352036776939 0.34844937876673537 0.34846067491387606 1.12961471406825e-05
1.3686550479053372 0.34824151043253027 0.34825284145295415 1.1331020423888116e-05
1.3708790748079482 0.34803245651981696 0.34804382253878274 1.136601896578604e-05
1.3731073018329298 0.34782221546680192 0.34783361661017953 1.1401143377609557e-05
1.3753397465436799 0.34761078570267645 0.34762222209695121 1.143639427475529e-05
1.3775764266206723 0.34739816564753456 0.34740963741981201 1.1471772277449332e-05
1.3798173598624837 0.34718435371229678 0.34719586099030686 1.1507278010081112e-05
1.3820625641869697 0.34696934829861975 0.34698089121072129 1.1542912101536462e-05
1.384312057632332 0.34675314779881639 0.34676472647400197 1.1578675185586196e-05
1.3865658583582341 0.3465357505957718 0.34654736516367224 1.1614567900442019e-05
1.3888239846469335 0.3463171550628581 0.34632880565374707 1.1650590888978574e-05
1.3910864549044744 0.34609735956384319 0.34610904630864209 1.1686744798899973e-05
1.3933532876617751 0.34587636245281056 0.34588808548309302 1.1723030282462243e-05
1.3956245015758624 0.34565416207406485 0.34566592152206188 1.1759447997028438e-05
1.3979001154310573 0.34543075676204243 0.34544255276064711 1.1795998604680058e-05
1.4001801481401306 0.34520614484122542 0.34521797752399763 1.1832682772217051e-05
1.4024646187455552 0.3449803246260465 0.34499219412721838 1.186950117187946e-05
1.4047535464207146 0.34475329442079838 0.34476520087527884 1.1906454480459239e-05
1.4070469504711531 0.34452505251953969 0.34453699606291982 1.1943543380132926e-05
1.4093448503358423 0.34429559720599939 0.34430757797455741 1.1980768558017552e-05
1.4116472655884345 0.34406492675348299 0.3440769448841895 1.2018130706503705e-05
1.4139542159385714 0.34383303942477367 0.34384509505529676 1.2055630523089e-05
1.4162657212331504 0.3435999334720381 0.34361202674074892 1.2093268710822169e-05
1.418581801457671 0.34336560713672465 0.34337773818270245 1.2131045977803456e-05
1.4209024767375471 0.34313005864946544 0.34314222761250307 1.2168963037628711e-05
1.4232277673394864 0.34289328622997212 0.34290549325058139 1.2207020609278363e-05
1.4255576936728314 0.34265528808693585 0.3426675333063533 1.2245219417450492e-05
1.4278922762909096 0.3424160624179271 0.34242834597811928 1.2283560192172249e-05
1.4302315358924689 0.34217560740928726 0.34218792945295651 1.2322043669243943e-05
1.432575493323079 0.34193392123602395 0.34194628190661408 1.236067059012802e-05
1.4349241695765445 0.34169100206170605 0.34170340150340789 1.2399441701838043e-05
1.4372775857963791 0.34144684803835262 0.34145928639611012 1.2438357757493801e-05
1.4396357632772347 0.34120145730632739 0.34121393472584333 1.2477419515932731e-05
1.4419987234663865 0.34095482799422788 0.34096734462196976 1.2516627741876452e-05
1.4443664879652456 0.34070695821877223 0.34071951420197827 1.2555983206041788e-05
1.4467390785308671 0.34045784608468715 0.34047044157137252 1.2595486685362811e-05
1.4491165170774527 0.3402074896845973 0.34022012482356001 1.2635138962713288e-05
1.4514988256779611 0.33995588709890351 0.3399685620397308 1.2674940827295256e-05
1.4538860265656175 0.33970303639567295 0.33971575128874731 1.2714893074361466e-05
1.4562781421355102 0.33944893563052031 0.33946169062702608 1.2754996505770499e-05
1.4586751949462384 0.33919358284648454 0.33920637809841409 1.2795251929542673e-05
1.4610772077214997 0.33893697607391249 0.33894981173407268 1.2835660160193108e-05
1.4634842033517284 0.33867911333033823 0.33869198955235713 1.2876222018898265e-05
1.4658962048957902 0.33841999262035682 0.33843290955869015 1.2916938333329409e-05
1.4683132355826436 0.3381596119355027 0.33817256974544052 1.2957809937819142e-05
1.4707353188130488 0.33789796925412358 0.33791096809179705 1.299883767347243e-05
1.4731624781612958 0.33763506254125325 0.33764810256364142 1.3040022388166594e-05
1.4755947373769456 0.33737088974848378 0.33738397111342067 1.3081364936884388e-05
1.4780321203865872 0.33710544881383708 0.33711857168001841 1.312286618132541e-05
1.4804746512956697 0.33683873766162881 0.33685190218861916 1.31645269903502e-05
1.4829223543902446 0.33657075420234345 0.33658396055058343 1.3206348239980237e-05
1.4853752541388503 0.33630149633249462 0.33631474466330791 1.3248330813286913e-05
1.4878333751943444 0.33603096193449206 0.336044252410093 1.329047560094665e-05
1.4902967423957774 0.33575914887650515 0.33577248166000578 1.3332783500630274e-05
1.4927653807702919 0.3354860550123247 0.33549943026774237 1.3375255417669152e-05
1.495239315535055 0.33521167818122205 0.33522509607348694 1.3417892264888653e-05
1.4977185720992037 0.33493601620780783 0.33494947690277066 1.34606949628302e-05
1.5002031760657752 0.33465906690189373 0.33467257056633326 1.3503664439529217e-05
1.5026931532337637 0.33438082805834118 0.33439437485997225 1.3546801631070249e-05
1.5051885296000813 0.3341012974569218 0.334114887564403 1.3590107481198377e-05
1.5076893313616389 0.33382047286216587 0.33383410644510764 1.3633582941763311e-05
1.5101955849173883 0.33353835202321636 0.33355202925218896 1.3677228972608368e-05
1.5127073168704264 0.33325493267367706 0.33326865372021891 1.3721046541848025e-05
1.5152245540300882 0.33297021253146369 0.3329839775680894 1.3765036625701388e-05
1.5177473234141254 0.33268418929864624 0.33269799849885506 1.3809200208825256e-05
1.5202756522508722 0.33239686066129442 0.33241071419957868 1.3853538284258615e-05
1.5228095679813982 0.3321082242893259 0.33212212234117944 1.3898051853533655e-05
1.5253490982618017 0.33181827783633999 0.33183222057826706 1.394274192706435e-05
1.5278942709653962 0.33152701893946507 0.33154100654898871 1.398760952364686e-05
1.5304451141850193 0.33123444521919354 0.33124847787486472 1.4032655671181171e-05
1.5330016562353452 0.33094055427921787 0.33095463216062432 1.4077881406449055e-05
1.5355639256551976 0.33064534370626825 0.33065946699404347 1.4123287775225091e-05
1.5381319512099352 0.3303488110699434 0.33036297994577574 1.4168875832332173e-05
1.540705761893826 0.33005095392254458 0.33006516856918677 1.4214646642196627e-05
1.5432853869324743 0.32975176979890503 0.32976603040018321 1.4260601278182072e-05
1.5458708557852825 0.32945125621621724 0.32946556295704071 1.4306740823477604e-05
1.5484621981479409 0.32914941067385872 0.32916376374022943 1.4353066370709211e-05
1.5510594439549035 0.32884623065322133 0.32886063023224349 1.4399579022161824e-05
1.5536626233819844 0.32854171361752826 0.32855615989741838 1.4446279890112379e-05
1.5562717668488766 0.3282358570116623 0.32825035018175885 1.4493170096552266e-05
1.5588869050218075 0.32792865826197987 0.32794319851275355 1.4540250773686925e-05
1.5615080688161613 0.32762011477613096 0.32763470229919472 1.4587523063769314e-05
1.56413528939915 0.32731022394287551 0.32732485893099506 1.4634988119544001e-05
1.5667685981925099 0.32699898313189912 0.32701366577900309 1.4682647103969604e-05
1.5694080268752717 0.32668638969362179 0.3267011201948124 1.473050119060737e-05
1.5720536073864984 0.32637244095901308 0.32638721951057692 1.4778551563843223e-05
1.5747053719281165 0.32605713423939842 0.32607196103881703 1.4826799418610204e-05
1.5773633529677387 0.32574046682626873 0.32575534207222961 1.4875245960888073e-05
1.5800275832415758 0.32542243599108173 0.3254373598834896 1.4923892407869843e-05
1.5826980957573105 0.32510303898507048 0.32511801172505811 1.4972739987628714e-05
1.5853749237970478 0.32478227303904506 0.32479729482898501 1.5021789939950736e-05
1.5880581009203196 0.32446013536319063 0.32447520640670646 1.5071043515835214e-05
1.5907476609671267 0.32413662314686326 0.3241517436488412 1.5120501977938794e-05
1.5934436380609751 0.32381173355838938 0.32382690372499007 1.5170166600686485e-05
1.5961460666119454 0.32348546374486398 0.32350068378353442 1.5220038670438196e-05
1.598854981319886 0.32315781083193668 0.32317308095142228 1.5270119485599754e-05
1.6015704171775418 0.32282877192360843 0.32284409233396516 1.5320410356733927e-05
1.6042924094737727 0.3224983441020205 0.32251371501462733 1.5370912606837983e-05
1.6070209937968531 0.32216652442723648 0.32218194605480777 1.5421627571288177e-05
1.6097562060377004 0.32183330993703596 0.3218487824936343 1.5472556598339349e-05
1.6124980823932411 0.32149869764669498 0.32151422134774371 1.5523701048736349e-05
1.6152466593697969 0.32116268454876684 0.32117825961106333 1.5575062296491193e-05
1.6180019737864746 0.32082526761286617 0.32084089425459472 1.5626641728549995e-05
1.6207640627786335 0.32048644378544655 0.32050212222619184 1.5678440745292566e-05
1.6235329638013838 0.32014620998957816 0.3201619404503388 1.5730460760643439e-05
1.6263087146331308 0.31980456312472316 0.31982034582792518 1.5782703202016357e-05
1.6290913533791578 0.31946150006651008 0.31947733523602073 1.583516951064734e-05
1.6318809184752572 0.31911701766650585 0.31913290552764767 1.5887861141816728e-05
1.6346774486914126 0.31877111275198544 0.3187870535315504 1.5940779564960206e-05
1.6374809831354837 0.31842378212570516 0.31843977605196899 1.5993926263835334e-05
1.6402915612570124 0.31807502256566472 0.31809106986840152 1.6047302736799107e-05
1.6431092228509934 0.31772483082487796 0.31774093173537488 1.6100910496918974e-05
1.645934008061732 0.31737320363113697 0.317389358382209 1.615475107202835e-05
1.6487659573867794 0.31702013768677062 0.31703634651277585 1.6208826005226218e-05
1.651605111680815 0.31666562966841438 0.31668189280526921 1.6263136854821614e-05
1.6544515121597019 0.3163096762267627 0.31632599391195726 1.6317685194555676e-05
1.6573052004044841 0.31595227398633341 0.31596864645894734 1.6372472613934708e-05
1.6601662183654802 0.31559341954522474 0.31560984704594319 1.6427500718452226e-05
1.6630346083664183 0.31523310947487204 0.31524959224600152 1.6482771129477936e-05
1.6659104131086231 0.31487134031980263 0.31488787860528744 1.6538285484812842e-05
1.6687936756752551 0.31450810859738931 0.314524702642828 1.6594045438689253e-05
1.671684439535591 0.31414341079760372 0.31416006085026593 1.6650052662214865e-05
1.6745827485493276 0.31377724338277196 0.31379394969161534 1.6706308843372764e-05
1.6774886469709784 0.3134096027873241 0.31342636560301135 1.6762815687243471e-05
1.6804021794543247 0.31304048541754192 0.31305730499245832 1.681957491639352e-05
1.6833233910568561 0.31266988765131387 0.3126867642395848 1.687658827093097e-05
1.6862523272443133 0.31229780583788269 0.31231473969539159 1.6933857508893979e-05
1.6891890338953122 0.31192423629758864 0.311941227681995 1.6991384406361831e-05
1.6921335573059162 0.31154917532162535 0.31156622449238314 1.7049170757788001e-05
1.6950859441943431 0.31117261917178446 0.31118972639016063 1.7107218376166689e-05
1.6980462417057016 0.31079456408020306 0.31081172960929637 1.7165529093310372e-05
1.7010144974167749 0.31041500624911139 0.31043223035387146 1.7224104760071857e-05
1.7039907593408472 0.31003394185058153 0.31005122479782826 1.7282947246732849e-05
1.7069750759325999 0.3096513670262741 0.309668709084717 1.7342058442892938e-05
1.7099674960930871 0.3092672778871815 0.3092846793274398 1.7401440258302259e-05
1.7129680691746707 0.30888167051338333 0.30889913160800592 1.7461094622583939e-05
1.7159768449861263 0.3084945409537872 0.30851206197727299 1.7521023485789211e-05
1.7189938737976647 0.30810588522588761 0.30812346645470623 1.7581228818619454e-05
1.722019206346169 0.30771569931550452 0.30773334102811728 1.7641712612759264e-05
1.7250528938403209 0.30732397917654403 0.30734168165342496 1.7702476880931961e-05
1.7280949879658756 0.30693072073074751 0.30694848425440502 1.7763523657510216e-05
1.7311455408909866 0.30653591986744255 0.30655374472244096 1.7824854998405026e-05
1.7342046052715425 0.30613957244330026 0.30615745891628215 1.7886472981898383e-05
1.7372722342565763 0.30574167428209176 0.30575962266180012 1.7948379708365714e-05
1.7403484814936887 0.30534222117445126 0.3053602317517522 1.8010577300942021e-05
1.7434334011345918 0.30494120887763237 0.30495928194553817 1.8073067905799434e-05
1.7465270478406574 0.30453863311527268 0.30455676896896489 1.8135853692202719e-05
1.7496294767885319 0.30413448957715883 0.30415268851401195 1.8198936853119907e-05
1.7527407436757414 0.30372877391900199 0.30374703623860744 1.8262319605444333e-05
1.7558609047264351 0.30332148176220536 0.30333980776639557 1.8326004190216683e-05
1.7589900166971062 0.3029126086936435 0.30293099868651668 1.8389992873180105e-05
1.7621281368823905 0.30250215026544247 0.30252060455338731 1.8454287944835723e-05
1.7652753231209135 0.30209010199476294 0.30210862088648383 1.8518891720886721e-05
1.7684316338011712 0.30167645936358961 0.30169504317013235 1.8583806542737946e-05
1.7715971278674363 0.30126121781852805 0.30127986685330571 1.8649034777662443e-05
1.7747718648257305 0.30084437277060344 0.30086308734942246 1.8714578819023497e-05
1.7779559047498361 0.30042591959506521 0.30044470003615248 1.8780441087273836e-05
1.781149308287322 0.30000585363120152 0.30002470025523081 1.8846624029289494e-05
1.7843521366656465 0.2995841701821545 0.2996030833122742 1.8913130119702082e-05
1.7875644516982443 0.29916086451474982 0.2991798444766105 1.8979961860676742e-05
1.7907863157907404 0.29873593185932157 0.2987549789811042 1.9047121782633791e-05
1.7940177919470286 0.29830936740956698 0.29832848202201134 1.9114612444359746e-05
1.797258943775583 0.29788116632238321 0.29790034875881666 1.9182436433451411e-05
1.8005098354956708 0.29745132371772981 0.29747057431409674 1.9250596366926498e-05
1.8037705319435469 0.29701983467850657 0.29703915377339812 1.9319094891556698e-05
1.8070410985788004 0.296586694250425 0.2966060821851087 1.9387934683701147e-05
1.8103216014906771 0.29615189744189613 0.29617135456034688 1.9457118450749711e-05
1.8136121074043816 0.29571543922393512 0.2957349658728658 1.9526648930678903e-05
1.8169126836873819 0.29527731453007955 0.29529691105897238 1.9596528892829035e-05
1.8202233983557567 0.29483751825631671 0.29485718501745495 1.9666761138237288e-05
1.8235443200805714 0.2943960452610217 0.29441578260952189 1.973734850019282e-05
1.8268755181942216 0.29395289036491473 0.29397269865875925 1.9808293844514324e-05
1.8302170626967564 0.29350804835103667 0.29352792795110666 1.9879600069994119e-05
1.8335690242622793 0.29306151396472974 0.29308146523483863 1.9951270108897745e-05
1.8369314742452123 0.29261328191365238 0.29263330522057995 2.0023306927574591e-05
1.8403044846866308 0.29216334686780082 0.29218344258132734 2.0095713526513403e-05
1.8436881283205893 0.29171170345954861 0.29173187195248995 2.0168492941341487e-05
1.8470824785803439 0.29125834628371661 0.29127858793195921 2.0241648242602661e-05
1.8504876096046132 0.29080326989765504 0.29082358508019207 2.0315182537034016e-05
1.8539035962437838 0.29034646882135062 0.29036685792031786 2.0389098967232844e-05
1.8573305140660397 0.28988793753756126 0.28990840093827402 2.0463400712766866e-05
1.8607684393634418 0.28942767049197587 0.28944820858296622 2.0538090990340763e-05
1.8642174491579391 0.28896566209340196 0.28898627526645632 2.0613173054351286e-05
1.8676776212074733 0.28850190671395881 0.28852259536415625 2.0688650197442371e-05
1.8711490340117023 0.28803639868934161 0.2880571632150925 2.0764525750893714e-05
1.874631766817868 0.28756913231908521 0.28758997312217044 2.0840803085231396e-05
1.8781258996265804 0.28710010186685897 0.28712101935246953 2.0917485610560949e-05
1.8816315131972925 0.28662930156082311 0.28665029613760057 2.0994576777455531e-05
1.885148689053878 0.28615672559399202 0.28617779767406898 2.1072080076955935e-05
1.8886775094899668 0.28568236812465042 0.28570351812369199 2.1149999041569778e-05
1.8922180575741925 0.28520622327680273 0.28522745161404822 2.1228337245493556e-05
1.8957704171553058 0.28472828514066162 0.28474959223896679 2.1307098305167749e-05
1.8993346728670046 0.28424854777319669 0.28426993405907663 2.1386285879942957e-05
1.9029109101327226 0.28376700519871056 0.28378847110238309 2.1465903672523989e-05
1.9064992151701992 0.28328365140946682 0.2833051973648964 2.1545955429580488e-05
1.9100996749958077 0.28279848036637312 0.28282010681131525 2.1626444942135503e-05
1.9137123774286675 0.28231148599971656 0.2823331933757629 2.1707376046342652e-05
1.9173374110945922 0.28182266220994434 0.2818444509625681 2.1788752623763674e-05
1.9209748654296981 0.28133200286851362 0.28135387344711554 2.187057860192354e-05
1.9246248306837497 0.28083950181880091 0.28086145467675627 2.1952857955365168e-05
1.9282873979232678 0.28034515287706752 0.28036718847177289 2.2035594705371864e-05
1.9319626590342731 0.27984894983349851 0.27987106862641975 2.2118792921244079e-05
1.9356507067247373 0.27935088645330608 0.27937308891002638 2.2202456720299413e-05
1.9393516345266275 0.27885095647791208 0.27887324306818112 2.2286590269038342e-05
1.9430655367976515 0.278349153626197 0.27837152482397998 2.2371197782977692e-05
1.9467925087225526 0.27784547159583406 0.27786792787936165 2.2456283527594323e-05
1.9505326463139099 0.27733990406471637 0.27736244591653542 2.2541851819046776e-05
1.9542860464126282 0.27683244469245144 0.27685507259947567 2.2627907024230787e-05
1.9580528066878913 0.27632308712195391 0.27634580157551558 2.2714453561667458e-05
1.9618330256364767 0.27581182498115092 0.27583462647705298 2.2801495902058377e-05
1.9656268025817352 0.27529865188475838 0.27532154092332672 2.2889038568341125e-05
1.9694342376718355 0.2747835614361831 0.27480653852232001 2.2977086136910518e-05
1.9732554318774818 0.27426654722952215 0.27428961287275982 2.3065643237674127e-05
1.9770904869889343 0.27374760285168281 0.27377075756623737 2.315471455455187e-05
1.9809395056124224 0.27322672188461078 0.27324996618943709 2.3244304826308682e-05
1.9848025911657119 0.27270389790765887 0.27272723232650553 2.3334418846665539e-05
1.9886798478730368 0.27217912450006776 0.27220254956153273 2.3425061464965591e-05
1.9925713807592005 0.27165239524358487 0.27167591148117154 2.3516237586673761e-05
1.9964772956427423 0.27112370372523537 0.27114731167740908 2.3607952173709812e-05
2.0003976991283183 0.27059304354022495 0.27061674375047001 2.3700210245058972e-05
2.0043326985980636 0.27006040829500544 0.27008420131188238 2.3793016876938466e-05
2.0082824022020134 0.26952579161049256 0.26954967798769602 2.3886377203463649e-05
2.0122469188474281 0.26898918712545644 0.26901316742187326 2.3980296416814539e-05
2.0162263581870494 0.26845058850008019 0.2684746632798482 2.4074779768012977e-05
2.0202208306062484 0.26790998941969218 0.26793415925225883 2.4169832566645066e-05
2.0242304472087951 0.2673673835987071 0.26739164905888885 2.4265460181749354e-05
2.0282553198015112 0.26682276478474026 0.26684712645278208 2.4361668041816831e-05
2.0322955608775359 0.26627612676293039 0.2663005852245654 2.4458461635012974e-05
2.0363512835981519 0.26572746336047753 0.26575201920698732 2.455584650978837e-05
2.0404226017731459 0.26517676845139837 0.26520142227967297 2.4653828274601164e-05
2.0445096298396233 0.26462403596150869 0.26464878837410721 2.4752412598527673e-05
2.0486124828391516 0.26406925987364849 0.26409411147885964 2.4851605211151373e-05
2.0527312763932737 0.26351243423314358 0.26353738564504636 2.4951411902784937e-05
2.0568661266772286 0.26295355315352292 0.26297860499204728 2.5051838524359216e-05
2.0610171503917192 0.26239261082251281 0.26241776371350051 2.5152890987700793e-05
2.0651844647327655 0.26182960150830048 0.26185485608356579 2.5254575265309942e-05
2.0693681873596552 0.26126451956606345 0.26128987646345386 2.5356897390416133e-05
2.0735684363605134 0.26069735944482753 0.26072281930828417 2.5459863456644971e-05
2.0777853302157849 0.26012811569461108 0.26015367917422921 2.5563479618129215e-05
2.0820189877594246 0.25955678297388118 0.25958245072597014 2.5667752088953666e-05
2.0862695281375587 0.25898335605735051 0.25900912874449361 2.577268714309966e-05
2.0905370707647264 0.25840782984409777 0.25843370813521188 2.5878291114111995e-05
2.0948217352773209 0.25783019936606005 0.25785618393645432 2.5984570394266271e-05
2.0991236414845038 0.25725045979685629 0.25727655132829075 2.609153143445786e-05
2.1034429093160467 0.25666860646101253 0.2566948056417559 2.6199180743369244e-05
2.107779658767396 0.25608463484354477 0.25611094236843196 2.6307524887192457e-05
2.1121340098415251 0.25549854059995508 0.25552495717044327 2.6416570488185798e-05
2.1165060824876023 0.25491031956663135 0.25493684589085586 2.6526324224507292e-05
2.1208959965364254 0.25431996777165411 0.25434660456448283 2.6636792828715894e-05
2.1253038716323074 0.25372748144604712 0.25375422942913434 2.6747983087216376e-05
2.1297298271613729 0.25313285703547239 0.25315971693731115 2.6859901838760525e-05
2.1341739821763284 0.25253609121235543 0.25256306376832877 2.697255597333692e-05
2.1386364553173087 0.25193718088848832 0.2519642668409191 2.7085952430783156e-05
2.1431173647287545 0.251336123228111 0.25136332332631023 2.7200098199231526e-05
2.1476168279722727 0.25073291566146955 0.25076023066178299 2.7315000313443694e-05
2.1521349619353023 0.25012755589886976 0.25015498656472307 2.7430665853311886e-05
2.1566718827354601 0.24952004194523433 0.24954758904717614 2.7547101941804986e-05
2.1612277056205027 0.24891037211516548 0.24893803643090828 2.7664315742803591e-05
2.1658025448636189 0.24829854504854271 0.24832632736300178 2.7782314459073865e-05
2.1703965136541323 0.24768455972663619 0.24771246083196621 2.7901105330019327e-05
2.1750097239835169 0.24706841548874106 0.24709643618437005 2.8020695628988568e-05
2.1796422865262914 0.2464501120493798 0.2464782531420405 2.8141092660693978e-05
2.1842943105160852 0.24582964951602515 0.24585791181978375 2.8262303758602725e-05
2.1889659036167051 0.24520702840735548 0.24523541274363697 2.8384336281495059e-05
2.1936571717877378 0.24458224967209388 0.24461075686970457 2.8507197610688761e-05
2.1983682191451259 0.24395531470836215 0.24398394560350858 2.8630895146430912e-05
2.2030991478163244 0.24332622538358975 0.2433549808198941 2.8755436304345183e-05
2.2078500577902367 0.24269498405493969 0.2427238648834516 2.8880828511906875e-05
2.212621046761484 0.24206159359029855 0.24209060066950255 2.9007079204002029e-05
2.2174122099693419 0.24142605738977224 0.24145519158559167 2.913419581943022e-05
2.2222236400312565 0.24078837940768757 0.24081764159348326 2.9262185795686513e-05
2.2270554267707432 0.24014856417511041 0.24017795523167554 2.9391056565131191e-05
2.2319076570400296 0.23950661682281943 0.23953613763836906 2.9520815549632928e-05
2.2367804145371566 0.23886254310475866 0.23889219457491445 2.9651470155794835e-05
2.2416737796177566 0.23821634942192474 0.23824613244969442 2.9783027769680892e-05
2.2465878291016814 0.23756804284665159 0.23759795834240258 2.9915495750987287e-05
2.2515226360743785 0.23691763114728961 0.23694768002871744 3.0048881427824359e-05
2.2564782696833974 0.23626512281321421 0.23629530600530455 3.0183192090332822e-05
2.2614547949300001 0.23561052708015073 0.23564084551513537 3.0318434984633047e-05
2.2664522724562759 0.23495385395574733 0.23498430857305394 3.0454617306607812e-05
2.2714707583278178 0.23429511424537217 0.2343257059915671 3.0591746194935654e-05
2.2765103038123891 0.23363431957806244 0.23366504940678673 3.0729828724290753e-05
2.2815709551549022 0.23297148243256682 0.23300235130446534 3.086887189851506e-05
2.2866527533489123 0.23230661616343928 0.23233762504608232 3.1008882643041025e-05
2.2917557339052603 0.23163973502708485 0.23167088489488233 3.1149867797480857e-05
2.296879926618149 0.23097085420770527 0.23100214604181327 3.1291834107993743e-05
2.3020253553291732 0.23029998984306135 0.23033142463128056 3.1434788219208976e-05
2.3071920376899278 0.22962715904995579 0.22965873778662221 3.1578736666426632e-05
2.3123799849237838 0.22895237994934611 0.22898410363521332 3.172368586720764e-05
2.3175892015873414 0.22827567169100829 0.22830754133312126 3.1869642112963836e-05
2.3228196853324565 0.22759705447762166 0.22762907108918226 3.2016611560603536e-05
2.3280714266694504 0.22691654958818544 0.22694871418840931 3.2164600223871798e-05
2.3333444087322919 0.22623417940065405 0.22626649301461849 3.2313613964440879e-05
2.3386386070467027 0.22554996741365899 0.2255824310721424 3.2463658483417035e-05
2.3439539893020731 0.22486393826719578 0.22489655300650815 3.2614739312375463e-05
2.3492905151279357 0.22417611776217322 0.22420888462397759 3.2766861804367498e-05
2.3546481358763129 0.22348653287865095 0.22351945290977626 3.2920031125316385e-05
2.3600267944107181 0.22279521179266359 0.22282828604490862 3.3074252245024471e-05
2.3654264249030561 0.22210218389147043 0.22213541342139892 3.3229529928485713e-05
2.3708469526392482 0.2214074797871273 0.22144086565585452 3.3385868727225931e-05
2.3762882938352177 0.22071113132817521 0.22074467460114602 3.3543272970809612e-05
2.3817503554638235 0.22001317160937786 0.2200468733561364 3.3701746758540985e-05
2.3872330350944 0.21931363497930562 0.21934749627325689 3.3861293951276128e-05
2.3927362207458858 0.2186125570456533 0.21864657896381662 3.4021918163318343e-05
2.3982597907546377 0.21790997467816739 0.21794415830092281 3.4183622755423748e-05
2.4038036136585115 0.21720592600900057 0.21724027241982746 3.4346410826890938e-05
2.4093675480979253 0.21650045043042368 0.21653496071563275 3.4510285209066183e-05
2.4149514427354553 0.21579358858972414 0.21582826383818302 3.4675248458876373e-05
2.420555136194924 0.21508538238119759 0.21512022368405001 3.4841302852417488e-05
2.4261784570209883 0.21437587493513643 0.21441088338551642 3.5008450379986344e-05
2.4318212236606929 0.21366511060366611 0.21370028729640683 3.517669274072377e-05
2.4374832444672325 0.21295313494343637 0.21298848097477477 3.5346031338395756e-05
2.4431643177277085 0.21223999469498478 0.21227551116226229 3.551646727750768e-05
2.4488642317148268 0.21152573775882377 0.21156142576018405 3.5688001360278943e-05
2.4545827647640497 0.21081041316810997 0.2108462738021942 3.5860634084228238e-05
2.4603196853762257 0.21009407105794362 0.21013010542358407 3.6034365640452704e-05
2.466074752346616 0.20937676263123736 0.20941297182715013 3.62091959127675e-05
2.4718477149202767 0.20865854012121629 0.20869492524569372 3.6385124477428255e-05
2.4776383129744213 0.20793945675052938 0.2079760189011334 3.6562150604019239e-05
2.4834462772276593 0.20721956668704775 0.20725630696030448 3.6740273256730127e-05
2.4892713294759843 0.2064989249964273 0.20653584448752418 3.6919491096881751e-05
2.4951131828554871 0.20577758759150358 0.20581468739398967 3.7099802486090239e-05
2.5009715421312935 0.20505561117864629 0.20509289238413664 3.728120549034708e-05
2.5068461040121033 0.2043330532012165 0.20437051689910141 3.7463697884904112e-05
2.5127365574898839 0.20360997178024848 0.20364761905740872 3.7647277160240966e-05
2.5186425842035978 0.20288642565256046 0.20292425759308916 3.7831940528698649e-05
2.5245638588259927 0.20216247410647983 0.20220049179141164 3.8017684931807016e-05
2.5305000494722587 0.20143817691539384 0.20147638142244284 3.8204507049000025e-05
2.5364508181294072 0.20071359426933053 0.20075198667263711 3.839240330658078e-05
2.542415821104552 0.19998878670485323 0.2000273680747407 3.8581369887463746e-05
2.5483947094906774 0.19926381503350102 0.19930258643624324 3.8771402742221461e-05
2.5543871296481027 0.19853874026904947 0.19857770276664968 3.896249760021453e-05
2.5603927236998474 0.19781362355386395 0.19785277820384575 3.9154649981804068e-05
2.5664111300389152 0.19708852608463551 0.19712787393984618 3.9347855210675187e-05
2.572441983845267 0.19636350903781505 0.19640305114624249 3.9542108427437217e-05
2.5784849176109446 0.1956386334949744 0.1956783708995774 3.9737404603001902e-05
2.5845395616703826 0.19491396036848777 0.19495389410704086 3.9933738553099563e-05
2.5906055447346383 0.19418955032771984 0.19422968143267222 4.0131104952378926e-05
2.5966824944264713 0.19346546372611592 0.19350579322446571 4.0329498349783721e-05
2.6027700378149707 0.19274176052937317 0.1927822894425564 4.0528913183235371e-05
2.6088678019467704 0.19201850024506331 0.19205922958885863 4.0729343795314898e-05
2.6149754143724806 0.19129574185388346 0.19133667263833196 4.0930784448500734e-05
2.6210925036655324 0.19057354374287391 0.19061467697221482 4.113322934090613e-05
2.6272186999322429 0.18985196364074722 0.18989330031336879 4.1336672621572479e-05
2.6333536353104985 0.18913105855563159 0.18917259966403782 4.1541108406234484e-05
2.6394969444557663 0.18841088471537315 0.18845263124616582 4.174653079266899e-05
2.645648265012476 0.18769149751061301 0.18773345044448858 4.1952933875571974e-05
2.6518072380693143 0.18697295144079185 0.18701511175255375 4.2160311761907376e-05
2.6579735085972582 0.18625530006319677 0.18629766872178219 4.2368658585423269e-05
2.6641467258684504 0.18553859594524455 0.18558117391376552 4.257796852097373e-05
2.6703265438554604 0.18482289062002211 0.18486567885582081 4.2788235798701946e-05
2.6765126216094668 0.18410823454522057 0.18415123399993774 4.2999454717168595e-05
2.6827046236167891 0.18339467706548884 0.18343788868514574 4.3211619656896572e-05
2.688902220133139 0.18268226637823942 0.18272569110333195 4.3424725092527927e-05
2.6951050874946922 0.18197104950296458 0.1820146882685699 4.3638765605313878e-05
2.7013129084059635 0.18126107225401838 0.18130492598991269 4.3853735894300305e-05
2.7075253722041501 0.18055237921685416 0.18059644884764156 4.4069630787402225e-05
2.7137421750998363 0.17984501372767905 0.17988930017293067 4.4286445251617845e-05
2.7199630203939589 0.17913901785648559 0.17918352203088861 4.4504174403020569e-05
2.7261876186713496 0.17843443239337115 0.17847915520688676 4.4722813515613025e-05
2.732415687971161 0.17773129683805761 0.17777623919608745 4.4942358029848029e-05
2.7386469539344813 0.17702964939252289 0.17707481219608359 4.5162803560705456e-05
2.7448811499295696 0.17632952695664225 0.17637491110254699 4.5384145904742157e-05
2.7511180171554002 0.17563096512670873 0.17567657150775562 4.5606381046892075e-05
2.7573573047240636 0.17493399819671832 0.17497982770188464 4.582950516632267e-05
2.7635987697228437 0.17423865916227671 0.17428471267691878 4.6053514642069304e-05
2.7698421772568667 0.17354497972697713 0.17359125813303475 4.6278406057614907e-05
2.7760873004727689 0.17285299031114995 0.17289949448735534 4.6504176205386383e-05
2.7823339205646804 0.17216272006279223 0.17220945088488271 4.6730822090473856e-05
2.7885818267632096 0.17147419687055523 0.17152115521148889 4.6958340933656029e-05
2.7948308163086621 0.17078744737860949 0.17083463410878374 4.7186730174259006e-05
2.80108069440888 0.17010249700330229 0.17014991299077437 4.741598747207143e-05
2.8073312741832885 0.16941936995139265 0.16946701606210196 4.7646110709315126e-05
2.8135823765937498 0.1687380892397598 0.16878596633775164 4.7877097991838591e-05
2.8198338303633821 0.16805867671642269 0.16810678566407258 4.8108947649894152e-05
2.8260854718841868 0.16738115308274421 0.16742949474098279 4.8341658238582053e-05
2.8323371451144603 0.16670553791668244 0.16675411314522043 4.8575228537989235e-05
2.8385887014668922 0.16603184969696141 0.16608065935451419 4.8809657552773e-05
2.8448399996883404 0.16536010582802654 0.16540915077253812 4.9044944511578148e-05
2.8510909057319429 0.16469032266568862 0.16473960375455496 4.9281088866343081e-05
2.8573412926228712 0.16402251554329297 0.16407203363358366 4.9518090290689987e-05
2.8635910403179028 0.16335669879837311 0.16340645474705198 4.9755948678870121e-05
2.8698400355600326 0.16269288579963981 0.1627428804637836 4.9994664143793166e-05
2.8760881717287572 0.16203108897422042 0.16208132321123567 5.0234237015250871e-05
2.882335348686639 0.16137131983506867 0.16142179450290653 5.0474667837863141e-05
2.8885814726230286 0.16071358900843849 0.16076430496580724 5.0715957368746567e-05
2.8948264558953665 0.16005790626136557 0.16010886436794061 5.0958106575044182e-05
2.9010702168686429 0.15940428052908504 0.15945548164571663 5.120111663159399e-05
2.9073126797536739 0.15875271994230788 0.15880416493122587 5.1444988917986878e-05
2.9135537744447548 0.15810323185428996 0.15815492157930597 5.1689725016013099e-05
2.9197934363570464 0.15745582286765067 0.15750775819435739 5.1935326706720186e-05
2.926031606264142 0.15681049886089038 0.15686268065685793 5.2181795967554123e-05
2.9322682301361365 0.15616726501456965 0.15621969414953896 5.2429134969306235e-05
2.9385032589789666 0.15552612583706849 0.15557880318314171 5.2677346073226605e-05
2.9447366486746724 0.15488708518996083 0.15494001162178872 5.2926431827887699e-05
2.9509683598236207 0.15425014631289677 0.15430332270786287 5.3176394966103491e-05
2.9571983575883736 0.15361531184802588 0.15366873908642786 5.3427238401987376e-05
2.9634266115399113 0.15298258386389063 0.15303626282911847 5.3678965227843545e-05
2.9696530955059748 0.15235196387881614 0.15240589545752714 5.3931578711002848e-05
2.9758777874221489 0.15172345288373587 0.15177763796602689 5.4185082291019482e-05
2.9821006691856109 0.15109705136446488 0.15115149084404123 5.4439479576340322e-05
2.9883217265115345 0.15047275932342519 0.15052745409776686 5.469477434166814e-05
2.9945409487928587 0.14985057630075654 0.14990552727128137 5.4950970524825227e-05
3.0007583289627657 0.149230501394884 0.1492857094671079 5.5208072223894566e-05
3.0069738633606207 0.14861253328247134 0.14866799936616579 5.5466083694444279e-05
3.0131875516009581 0.14799667023780841 0.14805239524715502 5.5725009346613286e-05
3.0193993964459072 0.14738291015159868 0.14743889500534127 5.598485374258555e-05
3.0256094036809178 0.14677125054916768 0.14682749617076138 5.6245621593703499e-05
3.0318175819937219 0.14616168860810427 0.14621819592586233 5.6507317758053288e-05
3.0380239428569449 0.14555422117530148 0.14561099112253928 5.6769947237800267e-05
3.0442285004137579 0.14494884478346265 0.14500587829863937 5.703351517671873e-05
3.050431271367096 0.14434555566702864 0.1444028536938865 5.7298026857860451e-05
3.056632274872328 0.14374434977754416 0.14380191326524541 5.756348770125097e-05
3.0628315324330839 0.14314522279849901 0.14320305270176056 5.7829903261558124e-05
3.0690290678003729 0.14254817015963775 0.14260626743886365 5.8097279225899356e-05
3.0752249068750994 0.14195318705073451 0.14201155267214641 5.8365621411898827e-05
3.0814190776137411 0.14136026843486307 0.1414189033706286 5.8634935765522478e-05
3.0876116099371966 0.14076940906116805 0.14082831428952705 5.8905228358996364e-05
3.0938025356425802 0.14018060347716488 0.14023977998255419 5.9176505389307854e-05
3.0999918883184665 0.13959384604052816 0.13965329481370414 5.9448773175985181e-05
3.106179703262677 0.13900913093046097 0.13906885296862057 5.9722038159598645e-05
3.1123660174033962 0.13842645215857702 0.13848644846547711 5.9996306900095275e-05
3.1185508692228558 0.13784580357937432 0.13790607516544953 6.0271586075216765e-05
3.1247342986840332 0.13726717890026455 0.13732772678274333 6.0547882478778625e-05
3.1309163471599866 0.13669057169119975 0.13675139689421939 6.0825203019643226e-05
3.1370970573658701 0.13611597539389875 0.13617707894861866 6.1103554719915687e-05
3.1432764732934961 0.13554338333069119 0.1356047662754051 6.138294471391692e-05
3.1494546401485723 0.13497278871297352 0.13503445209322046 6.1663380246934629e-05
3.1556316042902153 0.13440418464931964 0.13446612951799353 6.194486867389104e-05
3.1618074131730336 0.13383756415322423 0.13389979157068271 6.2227417458482481e-05
3.1679821152913066 0.13327292015052863 0.13333543118470059 6.2511034171958135e-05
3.1741557601255721 0.13271024548650492 0.13277304121299716 6.2795726492231863e-05
3.1803283980913197 0.13214953293263149 0.13221261443483454 6.3081502203049533e-05
3.1865000804898425 0.13159077519306062 0.13165414356225361 6.3368369192989826e-05
3.1926708594611384 0.13103396491079231 0.13109762124624719 6.3656335454881363e-05
3.1988407879386282 0.13047909467358046 0.13054304008266535 6.3945409084886773e-05
3.2050099196058932 0.1299261570195574 0.12999039261783929 6.423559828189207e-05
3.2111783088553398 0.12937514444258952 0.12943967135393664 6.4526911347118077e-05
3.2173460107485838 0.12882604939738768 0.12889086875407096 6.4819356683287754e-05
3.2235130809784582 0.12827886430438401 0.12834397724717819 6.5112942794182116e-05
3.2296795758326762 0.12773358155437689 0.12779898923266123 6.5407678284334914e-05
3.2358455521593656 0.12719019351292871 0.12725589708478727 6.5703571858560794e-05
3.2420110673338023 0.12664869252457994 0.12671469315690156 6.6000632321622232e-05
3.2481761792268125 0.12610907091684098 0.12617536978541888 6.6298868577896464e-05
3.2543409461745672 0.12557132100399046 0.12563791929362178 6.6598289631319973e-05
3.2605054269497948 0.12503543509068052 0.12510233399526535 6.6898904584833385e-05
3.2666696807342439 0.12450140547536724 0.12456860619800787 6.7200722640631261e-05
3.2728337670925232 0.12396922445355817 0.12403672820665806 6.7503753099898423e-05
3.27899774594708 0.12343888432090099 0.12350669232626363 6.780800536264342e-05
3.2851616775544001 0.12291037737610865 0.12297849086503654 6.8113488927892818e-05
3.2913256224823733 0.1223836959237289 0.12245211613712248 6.8420213393580176e-05
3.2974896415886783 0.1218588322767733 0.12192756046522994 6.8728188456643191e-05
3.3036537960003129 0.12133577875919771 0.1214048161831109 6.9037423913190232e-05
3.3098181470940951 0.12081452770825157 0.1208838756379102 6.934792965862524e-05
3.3159827564781472 0.12029507147669743 0.12036473119238521 6.9659715687772628e-05
3.3221476859742443 0.11977740243491296 0.11984737522700821 6.9972792095251979e-05
3.3283129976011869 0.11926151297286416 0.11933180014193975 7.0287169075589073e-05
3.3344787535588729 0.11874739550197971 0.11881799835890337 7.0602856923659973e-05
3.3406450162133683 0.11823504245690261 0.11830596232293747 7.0919866034857559e-05
3.3468118480826208 0.11772444629715162 0.11779568450405729 7.1238206905674395e-05
3.3529793118230682 0.11721559950867293 0.11728715739880695 7.1557890134021918e-05
3.3591474702168775 0.11670849460530627 0.11678037353172581 7.1878926419535749e-05
3.3653163861599085 0.11620312413015881 0.11627532545672314 7.2201326564338975e-05
3.3714861226503534 0.11569948065689312 0.11577200575836644 7.2525101473319697e-05
3.377656742778075 0.1151975567909288 0.11527040705308352 7.2850262154713907e-05
3.383828309714398 0.11469734517057917 0.11477052199030001 7.3176819720841002e-05
3.3900008867027664 0.11419883846809128 0.11427234325347968 7.3504785388395222e-05
3.3961745370496823 0.11370202939063784 0.11377586356111728 7.3834170479444849e-05
3.4023493241163916 0.11320691068122486 0.1132810756676467 7.4164986421834667e-05
3.4085253113110001 0.11271347511954205 0.112787972364292 7.4497244749949232e-05
3.4147025620810778 0.11222171552275224 0.11229654647985776 7.4830957105517792e-05
3.4208811399067929 0.11173162474621796 0.11180679088145623 7.516613523826654e-05
3.4270611082944851 0.11124319568417353 0.11131869847518031 7.5502791006779035e-05
3.4332425307706762 0.11075642127034392 0.11083226220672314 7.5840936379217849e-05
3.4394254708765009 0.1102712944785128 0.11034747506194713 7.6180583434323768e-05
3.445609992162558 0.10978780832304089 0.1098643300674029 7.6521744362012534e-05
3.4517961581840635 0.10930595585934461 0.10938282029080916 7.6864431464554461e-05
3.4579840324965168 0.10882573018431976 0.10890293884147713 7.7208657157365468e-05
3.4641736786516382 0.10834712443673004 0.10842467887069998 7.7554433969936887e-05
3.4703651601936114 0.10787013179755833 0.1079480335721052 7.7901774546862423e-05
3.4765585406557551 0.10739474549031222 0.10747299618196099 7.8250691648767967e-05
3.4827538835573448 0.10692095878130596 0.10699955997945941 7.860119815344957e-05
3.4889512524009425 0.10644876497989229 0.10652771828694911 7.8953307056817135e-05
3.4951507106698125 0.1059781574386769 0.10605746447015101 7.9307031474101786e-05
3.5013523218257609 0.10550912955369081 0.10558879193833157 7.9662384640757922e-05
3.5075561493070899 0.10504167476454443 0.10512169414445829 8.0019379913864874e-05
3.5137622565269924 0.10457578655453971 0.10465616458531275 8.0378030773042841e-05
3.5199707068719537 0.10411145845077334 0.10419219680159514 8.0738350821799032e-05
3.5261815637006078 0.10364868402419811 0.10372978437798674 8.1100353788637891e-05
3.532394890342621 0.10318745688967496 0.10326892094320334 8.1464053528379488e-05
3.5386107500979191 0.10272777070599276 0.10280960017001609 8.1829464023325249e-05
3.5448292062360856 0.10226961917586889 0.10235181577525357 8.2196599384673497e-05
3.5510503219958744 0.10181299604593576 0.10189556151978942 8.2565473853657423e-05
3.5572741605850027 0.10135789510670097 0.10144083120850406 8.2936101803085527e-05
3.5635007851800409 0.10090431019249546 0.100987618690234 8.3308497738535103e-05
3.56973025892656 0.10045223518139809 0.10053591785769797 8.36826762998788e-05
3.5759626449393633 0.10000166399514997 0.10008572264741253 8.4058652262561373e-05
3.5821980063028662 0.099552590599053831 0.099637027039592985 8.4436440539154001e-05
3.5884364060717124 0.09910500900185297 0.099189825058033698 8.4816056180728183e-05
3.5946779072714126 0.09865891325560508 0.098744110769983587 8.51975143785072e-05
3.6009225728991856 0.098214297455538738 0.098299878286003978 8.558083046524001e-05
3.6071704659249706 0.097771155739895046 0.097857121759811802 8.5966019916755565e-05
3.6134216492924405 0.097329482289766608 0.097415835388120223 8.6353098353614266e-05
3.6196761859202424 0.096889271328918419 0.096976013410461095 8.6742081542676153e-05
3.6259341387032378 0.096450517123606902 0.096537650109005613 8.7132985398710727e-05
3.6321955705140323 0.096013213982376944 0.096100739808362978 8.7525825986034533e-05
3.6384605442044107 0.095577356255864138 0.095665276875384425 8.7920619520287513e-05
3.6447291226069671 0.095142938336582342 0.095231255718952385 8.831738237004283e-05
3.6510013685368987 0.094709954658698928 0.094798670789757483 8.871613105855547e-05
3.6572773447936804 0.094278399697817455 0.094367516580083063 8.9116882265607988e-05
3.6635571141630501 0.093848267970738392 0.093937787623567637 8.9519652829245233e-05
3.6698407394189729 0.093419554035221092 0.093509478494968629 8.9924459747536822e-05
3.6761282833256264 0.092992252489743979 0.093082583809924568 9.0331320180589425e-05
3.6824198086396267 0.092566357973248345 0.092657098224700585 9.0740251452239851e-05
3.6887153781121294 0.09214186516489091 0.092233016435943047 9.1151271052136718e-05
3.6950150544911788 0.091718768783779769 0.091810333180417356 9.1564396637586198e-05
3.7013189005240066 0.091297063588714408 0.091389043234749931 9.1979646035522666e-05
3.7076269789594236 0.090876744377919871 0.090969141415164392 9.2397037244520974e-05
3.713939352550327 0.090457805988774079 0.090550622577210929 9.2816588436850367e-05
3.7202560840561789 0.090040243297537959 0.090133481615498501 9.3238317960542272e-05
3.7265772362455936 0.089624051219079237 0.089717713463420667 9.3662244341430334e-05
3.7329028718989754 0.089209224706594217 0.089303313092879533 9.4088386285315351e-05
3.7392330538112115 0.088795758751326892 0.088890275514007022 9.4516762680130206e-05
3.7455678447943792 0.088383648382288779 0.088478595774886856 9.4947392598077052e-05
3.7519073076805598 0.087972888665972887 0.08806826896127086 9.538029529797265e-05
3.7582515053246213 0.087563474706071523 0.087659290196298881 9.5815490227357802e-05
3.764600500607159 0.08715540164318536 0.087251654640210285 9.6252997024925957e-05
3.770954356437362 0.086748664654539134 0.086845357490061836 9.6692835522702025e-05
3.7773131357559673 0.086343258953693325 0.086440393979441865 9.7135025748540382e-05
3.7836769015382932 0.085939179790252784 0.086036759378181227 9.7579587928442457e-05
3.790045716797279 0.085536422449576904 0.085634448992065973 9.8026542489068613e-05
3.7964196445864782 0.085134982252494801 0.085233458162554857 9.8475910060055738e-05
3.8027987480032599 0.084734854555009287 0.084833782266485969 9.8927711476681779e-05
3.8091830901919042 0.084336034748009867 0.084435416715792189 9.9381967782322111e-05
3.8155727343467976 0.083938518256981523 0.084038356957212637 9.9838700231114075e-05
3.8219677437156192 0.08354230054171656 0.083642598472006988 0.00010029793029042722
3.8283681816025958 0.083147377096024266 0.083248136775667933 0.00010075967964366661
3.8347741113718339 0.08275374344743848 0.082854967417631403 0.00010122397019292351
3.8411855964505386 0.082361395156934372 0.082463085980996068 0.00010169082406169538
3.8476027003323603 0.081970327818640012 0.082072488082237688 0.00010216026359767538
3.8540254865807646 0.081580537059548902 0.081683169370924472 0.0001026323113755695
3.8604540188324723 0.081192018539230984 0.081295125529431023 0.00010310699020003866
3.8668883608008122 0.080804767949551548 0.080908352272659995 0.00010358432310844656
3.8733285762791541 0.080418781014387902 0.080522845347761857 0.00010406433337395438
3.8797747291444362 0.080034053489343046 0.080138600533851467 0.00010454704450842123
3.8862268833605893 0.079650581161468378 0.079755613641733905 0.0001050324802655267
3.8926851029820968 0.079268359848980938 0.07937388051362472 0.00010552066464378229
3.899149452157562 0.078887385400983154 0.078993397022872877 0.00010601162188972335
3.9056199951332293 0.078507653697188165 0.078614159073689169 0.00010650537650100378
3.9120967962565842 0.078129160647643262 0.078236162600872974 0.00010700195322971284
3.91857991997998 0.077751902192454661 0.07785940356954027 0.0001075013770856087
3.9250694308642617 0.07737587430151549 0.077483877974854926 0.00010800367333943517
3.9315653935824475 0.077001072974233239 0.077109581841759534 0.00010850886752629407
3.9380678729234031 0.076627494239260671 0.076736511224709814 0.0001090169854491424
3.944576933795541 0.076255134154228299 0.076364662207410436 0.00010952805318213688
3.9510926412305634 0.075883988805477323 0.075994030902551579 0.00011004209707425605
3.9576150603872193 0.075514054307794773 0.075624613451547654 0.00011055914375288078
3.9641442565550209 0.075145326804154117 0.075256406024281519 0.00011107922012740246
3.9706802951581435 0.074777802465448448 0.074889404818841376 0.00011160235339292834
3.9772232417591571 0.074411477490236286 0.074523606061270342 0.00011212857103405638
3.9837731620628913 0.07404634810448299 0.074159006005311612 0.00011265790082862215
3.9903301219203255 0.073682410561303938 0.073795600932155578 0.00011319037085164019
3.9968941873324662 0.073319661140711465 0.073433387150190627 0.000113726009479162
4.0034654244542542 0.072958096149363383 0.073072360994755656 0.00011426484539227288
4.0100438995984824 0.072597711920314029 0.072712518827895242 0.00011480690758121359
4.0166296792397471 0.072238504812766641 0.072353857038116004 0.00011535222534936329
4.0232228300184492 0.071880471211826225 0.07199637204014378 0.00011590082831755555
4.0298234187448045 0.071523607528255068 0.071640060274683226 0.00011645274642815839
4.0364315124028254 0.071167910198233139 0.07128491820818264 0.00011700800994950133
4.0430471781544179 0.070813375683115354 0.070930942332595559 0.00011756664948020523
4.0496704833433936 0.070460000469196746 0.0705781291651503 0.0001181286959535538
4.0563014954996044 0.070107781067474145 0.070226475248116302 0.00011869418064215653
4.0629402823430878 0.069756714013410742 0.069875977148573062 0.00011926313516232023
4.0695869117881625 0.06940679586670645 0.06952663145818537 0.00011983559147892009
4.0762414519476495 0.069058023211064981 0.069178434792974947 0.00012041158190996548
4.0829039711370028 0.06871039265396886 0.068831383793100318 0.0001209911391314572
4.0895745378785557 0.068363900826451746 0.068485475122633935 0.00012157429618218918
4.0962532209058242 0.068018544382871013 0.068140705469339799 0.0001221610864687861
4.102940089167693 0.067674320000689722 0.067797071544460463 0.00012275154377074105
4.1096352118327664 0.067331224380253615 0.067454570082499027 0.00012334570224541153
4.1163386582937109 0.066989254244571431 0.067113197841004779 0.00012394359643334851
4.1230504981715246 0.066648406339102753 0.066772951600366143 0.00012454526126338961
4.1297708013200136 0.066308677431538232 0.066433828163596456 0.00012515073205822402
4.1364996378301599 0.065970064311588972 0.066095824356128624 0.00012576004453965228
4.1432370780345558 0.065632563790775728 0.065758937025609962 0.00012637323483423446
4.1499831925118977 0.065296172702218505 0.065423163041697374 0.00012699033947886906
4.1567380520914421 0.064960887900431474 0.065088499295857957 0.00012761139542648292
4.1635017278575885 0.064626706261114913 0.064754942701166718 0.00012823644005180435
4.1702742911544224 0.064293624680952427 0.064422490192109799 0.00012886551115737221
4.1770558135902736 0.063961640077410911 0.06409113872439029 0.00012949864697937852
4.1838463670423414 0.063630749388540464 0.063760885274734364 0.00013013588619389949
4.1906460236614391 0.063300949572772103 0.063431726840695049 0.00013077726792294631
4.197454855876555 0.062972237608727569 0.063103660440468418 0.0001314228317408489
4.2042729363997013 0.062644610495018807 0.062776683112699364 0.00013207261768055645
4.2111003382305485 0.062318065250060971 0.062450791916301235 0.00013272666624026402
4.2179371346613141 0.061992598911876903 0.06212598393026679 0.00013338501838988659
4.2247833992815202 0.061668208537911079 0.061802256253488952 0.00013404771557787298
4.2316392059829147 0.061344891204839436 0.061479606004577365 0.00013471479973792971
4.2385046289643444 0.061022644008384738 0.061158030321680754 0.00013538631329601536
4.2453797427366995 0.060701464063132191 0.060837526362309546 0.00013606229917735579
4.2522646221278819 0.060381348502347193 0.060518091303160902 0.00013674280081370921
4.2591593422878145 0.060062294477794945 0.060199722339945437 0.00013742786215049235
4.2660639786935342 0.059744299159559339 0.059882416687213683 0.00013811752765434393
4.2729786071542639 0.059427359735866624 0.059566171578187117 0.00013881184232049371
4.2799033038165222 0.059111473412910454 0.059250984264591113 0.00013951085168065896
4.2868381451693534 0.058796637414675369 0.058936852016485908 0.00014021460181053852
4.2937832080495104 0.058482848982765491 0.058623772122103533 0.00014092313933804224
4.3007385696467502 0.058170105376232129 0.058311741887683184 0.00014163651145105566
4.3077043075091357 0.05785840387140409 0.058000758637309961 0.00014235476590587076
4.3146804995483636 0.057547741761720908 0.05769081971275624 0.00014307795103533222
4.3216672240452105 0.057238116357563866 0.057381922473321322 0.0001438061157574555
4.328664559654948 0.056929524986092314 0.057074064295676255 0.0001445393095839409
4.3356725854128308 0.056621964991080083 0.05676724257370909 0.00014527758262900675
4.3426913807396881 0.056315433732751101 0.056461454718369386 0.00014602098561828508
4.3497210254474714 0.056009928587620446 0.056156698157518302 0.00014676956989785606
4.356761599744936 0.05570544694833314 0.055852970335776721 0.00014752338744358079
4.363813184243301 0.055401986223507664 0.055550268714377973 0.00014828249087030926
4.3708758599620232 0.055099543837577918 0.055248590771019505 0.00014904693344158781
4.3779497083345911 0.054798117230638141 0.054947933999717473 0.000149816769079332
4.3850348112143749 0.054497703858289052 0.054648295910662767 0.00015059205237371448
4.3921312508805483 0.054198301191484631 0.054349674030077802 0.00015137283859317091
4.39923911004405 0.053899906716380813 0.054052065900075531 0.00015215918369471809
4.4063584718536024 0.053602517934185571 0.053755469078519851 0.00015295114433427903
4.4134894199018291 0.053306132361008438 0.053459881138885834 0.0001537487778773966
4.4206320382313562 0.053010747527714584 0.053165299670124497 0.0001545521424099125
4.4277864113410104 0.052716360979778477 0.052871722276527484 0.00015536129674900701
4.4349526241921309 0.05242297027713666 0.052579146577590989 0.00015617630045432901
4.4421307622148705 0.052130572994044694 0.052287570207884104 0.00015699721383941045
4.4493209113145973 0.051839166718933821 0.051996990816917041 0.00015782409798321961
4.4565231578783315 0.051548749054269941 0.051707406069011926 0.00015865701474198496
4.463737588781286 0.051259317616412343 0.05141881364317339 0.00015949602676104679
4.4709642913934671 0.050970870035473535 0.051131211232960827 0.00016034119748729175
4.4782033535863004 0.050683403955182268 0.050844596546363627 0.00016119259118135831
4.4854548637393927 0.050396917032744744 0.050558967305675211 0.00016205027293046681
4.4927189107473202 0.050111406938708809 0.050274321247369996 0.000162914308661187
4.49999558402651 0.049826871356828256 0.04999065612198092 0.0001637847651526636
4.5072849735221761 0.049543307983929037 0.049707969693978872 0.00016466171004983488
4.5145871697153668 0.049260714529774922 0.049426259741652066 0.00016554521187714388
4.5219022636300314 0.048979088716936431 0.049145524056988833 0.0001664353400524024
4.5292303468402224 0.04869842828065854 0.04886576044555932 0.00016733216490077973
4.5365715114773479 0.048418730968730339 0.048586966726399658 0.00016823575766931886
4.5439258502374953 0.048139994541356097 0.048309140731897578 0.00016914619054148039
4.5512934563888772 0.047862216771025694 0.048032280307677692 0.00017006353665199869
4.558674423779328 0.047585395442387039 0.047756383312489277 0.0001709878701022377
4.5660688468438781 0.04730952835211992 0.04748144761809537 0.00017191926597544954
4.5734768206124476 0.047034613308809266 0.047207471109161923 0.00017285780035265763
4.580898440717605 0.04676064813282009 0.046934451683148769 0.00017380355032867861
4.5883338034024277 0.046487630656172993 0.046662387250201484 0.0001747565940284912
4.5957830055284585 0.046215558722420211 0.046391275733044003 0.00017571701062379236
4.6032461445837125 0.045944430186523909 0.046121115066873983 0.00017668488035007396
4.6107233186908525 0.045674242914732668 0.045851903199256597 0.00017766028452392835
4.6182146266154041 0.045404994784460743 0.04558363809002134 0.00017864330556059682
4.6257201677740971 0.045136683684167053 0.045316317711158995 0.00017963402699194136
4.6332400422432727 0.044869307513236083 0.045049940046720874 0.00018063253348479108
4.6407743507674359 0.04460286418185784 0.044784503092717406 0.00018163891085956618
4.6483231947679204 0.044337351610908356 0.04452000485701766 0.00018265324610930445
4.6558866763515701 0.044072767731833828 0.044256443359252801 0.00018367562741897214
4.6634648983196554 0.043809110486530904 0.043993816630716283 0.00018470614418537867
4.6710579641768053 0.043546377827231052 0.043732122714268122 0.00018574488703707037
4.6786659781401037 0.0432845677163834 0.043471359664238478 0.0001867919478550778
4.6862890451482295 0.043023678126540808 0.043211525546334499 0.0001878474197936908
4.6939272708707858 0.042763707040243751 0.04295261843754563 0.00018891139730187884
4.7015807617177572 0.042504652449904534 0.042694636426049516 0.00018998397614498203
4.7092496248490141 0.042246512357694374 0.042437577611121352 0.000191065253426978
4.7169339681839793 0.041989284775429764 0.042181440103042735 0.00019215532761297088
4.7246339004114404 0.041732967724458385 0.04192622202301078 0.00019325429855239495
4.7323495309994588 0.041477559235546677 0.041671921503049096 0.00019436226750241953
4.7400809702054216 0.04122305734876721 0.041418536685919188 0.00019547933715197835
4.7478283290861931 0.040969460113387569 0.04116606572503384 0.00019660561164627083
4.7555917195084296 0.040716765587758656 0.040914506784370315 0.00019774119661165879
4.7633712541591047 0.04046497183920094 0.040663858038382079 0.00019888619918113914
4.7711670465560099 0.040214076943896344 0.040414117671916688 0.00020004072802034395
4.7789792110585161 0.03996407898677657 0.040165283880130548 0.00020120489335397757
4.7868078628784732 0.039714976061411923 0.039917354868404864 0.00020237880699294081
4.7946531180911887 0.039466766269902642 0.039670328852264403 0.00020356258236176039
4.8025150936466341 0.039219447722767878 0.039424204057294701 0.00020475633452682329
4.8103939073807682 0.038973018538836057 0.039178978719061154 0.00020596018022509682
4.8182896780270053 0.03872747684513584 0.038934651083029202 0.0002071742378933622
4.826202525227858 0.038482820776786636 0.038691219404484806 0.00020839862769816975
4.8341325695467301 0.038239048476889713 0.038448681948456014 0.00020963347156630063
4.842079932479928 0.037996158096417668 0.038207036989633666 0.00021087889321599884
4.8500447364687354 0.037754147794107289 0.037966282812295929 0.00021213501818864028
4.8580271049117565 0.037513015736349423 0.037726417710230747 0.00021340197388132476
4.8660271621773621 0.037272760097081178 0.037487439986661 0.00021467988957982187
4.8740450336163752 0.037033379057676008 0.037249347954168607 0.00021596889649259932
4.8820808455748912 0.036794870806835522 0.0370121399346207 0.00021726912778517737
4.8901347254072984 0.036557233540480488 0.036775814259095992 0.00021858071861550338
4.898206801489505 0.03632046546164143 0.036540369267811283 0.00021990380616985356
4.9062972032323122 0.036084564780350312 0.036305803310049969 0.00022123852969965774
4.9144060610949944 0.035849529713531857 0.036072114744090888 0.00022258503055903184
4.9225335065991551 0.035615358484892445 0.035839301937135547 0.00022394345224310136
4.9306796723426523 0.035382049324812703 0.035607363265239861 0.00022531394042715758
4.9388446920138263 0.035149600470237165 0.035376297113243832 0.0002266966430066672
4.9470287004059372 0.034918010164563681 0.035146101874701775 0.00022809171013809387
4.9552318334317436 0.034687276657534682 0.034916775951815381 0.0002294992942806981
4.9634542281383878 0.034457398205125674 0.034688317755364788 0.00023091955023911426
4.9716960227224174 0.034228373069435873 0.034460725704642835 0.00023235263520696159
4.9799573565451087 0.034000199518576343 0.034233998227387694 0.00023379870881135023
4.9882383701479753 0.033772875826559176 0.034008133759717465 0.00023525793315828936
4.9965392052685536 0.033546400273184999 0.033783130746064274 0.0002367304728792749
5.0048600048563898 0.033320771143931185 0.033558987639109944 0.00023821649517875854
5.013200913089265 0.033095986729839877 0.033335702899722527 0.00023971616988265054
5.021562075389709 0.032872045327404315 0.033113274996892275 0.00024122966948796065
5.0299436384417655 0.032648945238454852 0.032891702407668401 0.00024275716921354912
5.0383457502079851 0.032426684770045171 0.032670983617097138 0.00024429884705196719
5.0467685599467131 0.032205262234337222 0.032451117118159664 0.00024585488382244253
5.0552122182296184 0.031984675948486252 0.032232101411711324 0.00024742546322507192
5.0636768769595282 0.031764924234524296 0.03201393500642058 0.0002490107718962839
5.0721626893885245 0.031546005419243628 0.031796616418709039 0.00025061099946541154
5.0806698101363352 0.031327917834079101 0.031580144172691831 0.00025222633861272936
5.0891983952090358 0.031110659814989346 0.031364516800118009 0.00025385698512866289
5.0977486020180152 0.030894229702338009 0.031149732840312389 0.00025550313797437912
5.1063205893992656 0.030678625840773611 0.030935790840117435 0.00025716499934382367
5.1149145176329753 0.030463846579108691 0.030722689353835774 0.00025884277472708328
5.1235305484634628 0.030249890270197394 0.030510426943172717 0.00026053667297532349
5.1321688451193834 0.030036755270813342 0.030299002177180429 0.00026224690636708625
5.1408295723343258 0.029824439941525022 0.030088413632201223 0.00026397369067620094
5.1495128963677086 0.029612942646570901 0.029878659891812188 0.00026571724524128773
5.1582189850260232 0.029402261753733391 0.029669739546770262 0.00026747779303687089
5.1669480076844252 0.029192395634211738 0.029461651194957833 0.00026925556074609489
5.1757001353087313 0.028983342662492466 0.029254393441327679 0.00027105077883521345
5.1844755404777052 0.028775101216220369 0.029047964897850203 0.0002728636816298341
5.1932743974057729 0.028567669676066915 0.028842364183459812 0.00027469450739289747
5.2020968819660967 0.028361046425597679 0.028637589924002269 0.00027654349840458906
5.210943171714046 0.028155229851138254 0.028433640752182302 0.00027841090104404817
5.2198134459110337 0.027950218341639244 0.028230515307512426 0.00028029696587318284
5.228707885548828 0.027746010288538254 0.028028212236260543 0.00028220194772228882
5.2376266733742138 0.027542604085621564 0.027826730191399526 0.00028412610577796191
5.2465699939140924 0.027339998128883942 0.027626067832556805 0.00028606970367286294
5.2555380335010318 0.027138190816386128 0.027426223825964064 0.00028803300957793571
5.2645309802992317 0.026937180548111173 0.027227196844407813 0.00029001629629664058
5.2735490243309657 0.026736965725818355 0.027028985567179926 0.00029201984136157169
5.2825923575034599 0.026537544752895551 0.026831588680029016 0.00029404392713346453
5.2916611736362444 0.02633891603420959 0.026635004875112202 0.00029608884090261134
5.3007556684889865 0.026141077975954507 0.026439232850947254 0.00029815487499274679
5.3098760397898248 0.025944028985497341 0.026244271312364863 0.00030024232686752181
5.319022487264192 0.025747767471222004 0.026050118970461649 0.00030235149923964547
5.3281952126641681 0.025552291842370439 0.025856774542553116 0.00030448270018267748
5.3373944197983025 0.025357600508882486 0.025664236752128193 0.00030663624324570732
5.3466203145620232 0.025163691881232176 0.025472504328803009 0.00030881244757083315
5.3558731049686008 0.024970564370261294 0.025281576008274916 0.00031101163801362103
5.3651530011805963 0.024778216387011814 0.025091450532278424 0.00031323414526661028
5.374460215541955 0.024586646342553996 0.024902126648539961 0.00031548030598596566
5.3837949626106365 0.024395852647812629 0.024713603110733957 0.00031775046292132833
5.3931574591918556 0.024205833713390069 0.024525878678439039 0.00032004496504896979
5.4025479243719472 0.024016587949385829 0.024338952117094262 0.00032236416770843254
5.4119665795528018 0.023828113765214189 0.024152822197956773 0.00032470843274258476
5.4214136484869941 0.023640409569417365 0.023967487698058742 0.00032707812864137681
5.4308893573135171 0.023453473769476242 0.023782947400165521 0.00032947363068927885
5.4403939345941854 0.023267304771617519 0.023599200092734113 0.00033189532111659384
5.4499276113507538 0.023081900980616691 0.02341624456987133 0.00033434358925463897
5.4594906211026997 0.022897260799597828 0.023234079631292936 0.00033681883169510776
5.4690831999056879 0.022713382629830168 0.023052704082283732 0.00033932145245356427
5.4787055863908058 0.022530264870519911 0.022872116733657133 0.00034185186313722207
5.4883580218045172 0.022347905918598362 0.022692316401715647 0.00034441048311728562
5.4980407500493857 0.022166304168505766 0.022513301908211519 0.00034699773970575318
5.5077540177255591 0.021985458011971111 0.022335072080308129 0.00034961406833701816
5.5174980741730382 0.02180536583778753 0.022157625750541851 0.00035225991275432064
5.5272731715147794 0.021626026031582833 0.021980961756784063 0.0003549357252012296
5.5370795647006332 0.021447436975585092 0.02180507894220338 0.0003576419666182877
5.5469175115520706 0.021269597048384447 0.021629976155229453 0.00036037910684500601
5.5567872728078544 0.021092504624688493 0.021455652249515837 0.00036314762482734381
5.5666891121705104 0.020916158075073986 0.021282106083904854 0.00036594800883086795
5.5766232963537998 0.020740555765731458 0.021109336522391265 0.00036878075665980684
5.5865900951310579 0.020565696058205483 0.020937342434087548 0.00037164637588206484
5.5965897813844849 0.020391577309129053 0.02076612269318958 0.00037454538406052687
5.6066226311554264 0.020218197869951743 0.020595676178942528 0.00037747830899078488
5.6166889236956123 0.020045556086662395 0.020426001775607824 0.00038044568894542857
5.6267889415194938 0.019873650299504022 0.020257098372429325 0.00038344807292530272
5.6369229704574799 0.01970247884268464 0.020088964863602326 0.00038648602091768611
5.6470912997103682 0.019532040044079116 0.019921600148240987 0.0003895601041618707
5.6572942219047846 0.019362332224925421 0.019755003130347608 0.00039267090542218636
5.6675320331497803 0.019193353699512947 0.019589172718781803 0.00039581901926885599
5.677805033094522 0.019025102774864133 0.019424107827231019 0.00039900505236688602
5.6881135249871884 0.01885757775040783 0.019259807374180992 0.00040222962377316207
5.6984578157350168 0.0186907769176454 0.019096270282887556 0.00040549336524215579
5.7088382159655877 0.018524698559808313 0.018933495481348817 0.00040879692154050309
5.7192550400893607 0.018359340951507305 0.018771481902277939 0.00041214095077063417
5.7297086063634595 0.018194702358373158 0.018610228483077119 0.00041552612470396183
5.740199236956788 0.018030781036688193 0.01844973416581186 0.00041895312912366631
5.7507272580164486 0.017867575233008855 0.018289997897186577 0.00042242266417772192
5.7612929997355531 0.017705083183778378 0.018131018628520585 0.00042593544474220715
5.7718967964224062 0.017543303114929801 0.017972795315725296 0.00042949220079549488
5.7825389865711054 0.017382233241479025 0.017815326919282511 0.00043309367780348593
5.7932199129336315 0.017221871767106715 0.017658612404223145 0.00043674063711643049
5.8039399225934023 0.017062216883729817 0.017502650740107432 0.00044043385637761515
5.8146993670403333 0.016903266771062037 0.01734744090100639 0.00044417412994435246
5.8254986022475164 0.016745019596161752 0.017192981865483542 0.00044796226932179023
5.8363379887494045 0.01658747351296927 0.017039272616579088 0.0004517991036098179
5.847217891721713 0.01643062666183031 0.016886312141793956 0.00045568547996364603
5.8581386810628873 0.016274477169008109 0.016734099433076594 0.00045962226406848564
5.869100731477352 0.016119023146181025 0.016582633486809887 0.00046361034062886164
5.8801044225604606 0.015964262689927039 0.016431913303800054 0.00046765061387301493
5.8911501388851795 0.015810193881194552 0.016281937889267531 0.00047174400807297942
5.9022382700906606 0.015656814784757576 0.0161327062528384 0.00047589146808082322
5.9133692109725704 0.015504123448656974 0.015984217408538701 0.00048009395988172707
5.9245433615753882 0.015352117903625 0.015836470374789434 0.00048435247116443425
5.9357611272865594 0.015200796162494666 0.015689464174404272 0.00048866801190960638
5.947022918932646 0.015050156219591923 0.015543197834588884 0.00049304161499696096
5.9583291528774724 0.014900196050110736 0.015397670386942355 0.00049747433683161937
5.9696802511222913 0.01475091360947057 0.015252880867461098 0.00050196725799052724
5.9810766414080527 0.014602306832655194 0.015108828316544767 0.0005065214838895736
5.9925187573197762 0.014454373633532608 0.014965511779004854 0.00051113814547224662
6.0040070383930786 0.014307111904155342 0.014822930304075874 0.00051581839992053194
6.015541930222879 0.014160519514040588 0.014681082945429519 0.00052056343138893145
6.0271238845743662 0.014014594309428989 0.014539968761191392 0.00052537445176240212
6.0387533594961962 0.013869334112522147 0.014399586813961278 0.00053025270143913089
6.0504308194360172 0.013724736720697329 0.014259936170836441 0.00053519945013911184
6.0621567353583314 0.013580799905699133 0.014121015903438434 0.00054021599773930104
6.0739315848646989 0.013437521412807388 0.01398282508794399 0.00054530367513660159
6.0857558523163719 0.013294898959980005 0.013845362805119509 0.00055046384513950455
6.0976300289593555 0.013152930236970319 0.013708628140359872 0.00055569790338955323
6.1095546130519187 0.013011612904418031 0.013572620183731777 0.00056100727931374626
6.1215301099946009 0.012870944592912732 0.013437338030021753 0.00056639343710902096
6.1335570324627371 0.012730922902029009 0.013302780778789085 0.00057185787676007627
6.145635900541472 0.012591545399332842 0.01316894753442456 0.00057740213509171849
6.1577672418633576 0.012452809619357305 0.013035837406214426 0.00058302778685712098
6.1699515917484984 0.012314713062547241 0.012903449508410545 0.00058873644586330404
6.1821894933472521 0.012177253194171725 0.012771782960307076 0.00059452976613535123
6.1944814977854898 0.012040427443203355 0.012640836886324027 0.00060040944312067177
6.2068281643124337 0.011904233201162942 0.012510610416097984 0.00060637721493504194
6.2192300604510242 0.011768667820928887 0.012381102684580774 0.00061243486365188636
6.2316877621508295 0.011633728615509799 0.012252312832146318 0.00061858421663651963
6.2442018539434629 0.011499412856779178 0.012124240004706247 0.00062482714792706957
6.2567729291004524 0.011365717774171195 0.011996883353835067 0.00063116557966387196
6.2694015897935254 0.011232640553336153 0.0118702420369054 0.00063760148356924694
6.2820884472572844 0.011100178334754072 0.011744315217233594 0.00064413688247952176
6.2948341219541568 0.010968328212305443 0.011619102064236888 0.00065077385193144412
6.3076392437415212 0.010837087231798066 0.011494601753602977 0.00065751452180491145
6.3205044520409723 0.010706452389447774 0.011370813467472166 0.00066436107802439123
6.3334303960095326 0.010576420630312543 0.011247736394633679 0.00067131576432113635
6.3464177347127295 0.010446988846677831 0.011125369730736467 0.00067838088405863632
6.3594671372993314 0.010318153876392263 0.011003712678515975 0.00068555880212371224
6.3725792831775721 0.01018991250115198 0.01088276444803774 0.00069285194688576031
6.3857548621926608 0.010062261444732077 0.010762524256958889 0.00070026281222681196
6.3989945748053225 0.0099351973711638078 0.010642991330808876 0.00070779395964506824
6.4122991322710803 0.0098087168828560837 0.01052416490329087 0.00071544802043478628
6.4256692568199867 0.0096828165186597266 0.010406044216605029 0.00072322769794530214
6.4391056818364438 0.0095574927518728755 0.010288628521795221 0.00073113576992234544
6.4526091520386979 0.0094327419881863987 0.010171917079121007 0.0007391750909346087
6.4661804236576081 0.0093085605635672784 0.010055909158456142 0.00074734859488886397
6.4798202646141023 0.00918494474207944 0.0099406040397162793 0.00075565929763683932
6.4935294546948743 0.0090618907136395394 0.0098260010133168468 0.00076411029967730741
6.5073087857255674 0.0089393945917075023 0.0097120993806643421 0.00077270478895683989
6.5211590617408453 0.0088174524109097038 0.0095988984546825085 0.0007814460437728047
6.5350810991505188 0.0086960601245940176 0.009486397560376272 0.00079033743578225436
6.5490757269008739 0.0085752136023155533 0.0093745960354360194 0.0007993824331204661
6.5631437866302242 0.0084549086272521657 0.0092634932308850951 0.00080858460363292944
6.5772861328176244 0.0083351408935488855 0.0091530885117735491 0.00081794761822466359
6.5915036329235335 0.0082159060035907356 0.0090433812579215189 0.00082747525433078326
6.6057971675211302 0.0080971994652032763 0.0089343708647156017 0.0008371713995123254
6.6201676304168098 0.0079790166887807254 0.0088260567439620279 0.00084704005518130253
6.6346159287581878 0.0078613529843420838 0.0087184383248010474 0.00085708534045896359
6.6491429831278897 0.0077442035585149937 0.0086115150546863337 0.00086731149617134008
6.6637497276210782 0.0076275635114485167 0.0085052864004344728 0.00087772288898595608
6.678437109904559 0.0075114278336556439 0.0083997518493492546 0.00088832401569361071
6.6932060912549591 0.0073957914027876779 0.0082949109104266654 0.00089911950763898758
6.7080576465734092 0.0072806489803417035 0.0081907631156454708 0.00091011413530376738
6.7229927643736449 0.007165995208304736 0.0080873080213503899 0.00092131281304565389
6.7380124467403366 0.0070518246057373907 0.0079845452097338909 0.00093272060399650011
6.7531177092540089 0.006938131565301384 0.0078824742904238278 0.00094434272512244379
6.7683095808785696 0.0068249103497359286 0.0077810949021844527 0.00095618455244852411
6.7835891038070777 0.0067121550882889517 0.0076804067147388045 0.00096825162644985276
6.7989573332609039 0.00659985977311036 0.0075804094307211104 0.00098054965761075041
6.8144153372370146 0.0064880182556153101 0.007481102787768079 0.00099308453215276888
6.8299641961974897 0.0063766242428276044 0.0073824865607591428 0.0010058623179315385
6.8456050026948736 0.0062656712937142001 0.007284560564215772 0.0010188892705015719
6.8613388609263204 0.0061551528155236986 0.0071873246548707498 0.0010321718393470512
6.8771668862087525 0.006045062060143872 0.0070907787344192336 0.0010457166742753616
6.8930902043665556 0.0059353921204950769 0.0069949227524637005 0.0010595306319686236
6.9091099510224696 0.0058261359269790236 0.006899756709665885 0.0010736207826868615
6.9252272707815035 0.005717286244004624 0.0068052806611190947 0.0010879944171144707
6.9414433162966871 0.0056088356666159096 0.0067114947199552917 0.0011026590533393821
6.9577592472044119 0.0055007766172502845 0.0066183990612020856 0.0011176224439518011
6.9741762289160869 0.0053931013426582828 0.0065259939259047738 0.001132892583246491
6.9906954312515159 0.0052858019110206458 0.0064342796255298235 0.0011484777145091777
7.0073180268981856 0.0051788702093021203 0.0063432565466661692 0.0011643863373640489
7.0240451896792031 0.005072297940886563 0.0062529251560414509 0.0011806272151548879
7.0408780926112131 0.0049660766235425481 0.0061632860058701885 0.0011972093823276403
7.057817905732005 0.0048601975877743562 0.0060743397395512889 0.0012141421517769327
7.0748657936759152 0.0047546519756191475 0.0059860870977319156 0.0012314351221127682
7.0920229129733805 0.0046494307399574377 0.0058985289247544623 0.0012490981847970246
7.109290409049243 0.004544524644410749 0.0058116661755025171 0.0012671415310917681
7.1266694128925261 0.0044399242639077798 0.005725499922660738 0.0012855756587529582
7.1441610373685984 0.0043356199860077769 0.0056400313644016193 0.0013044113783938424
7.1617663731427292 0.0042316020130780535 0.0055552618325101638 0.0013236598194321103
7.1794864841822328 0.0041278603654308008 0.0054711928009544058 0.0013433324355236051
7.1973224028026515 0.0040243848855329315 0.005387825894905972 0.0013634410093730405
7.2152751242218169 0.0039211652434112216 0.0053051629002101534 0.0013839976567989317
7.2333456005842311 0.0038181909433836112 0.005223205773299067 0.0014050148299154558
7.2515347344171088 0.0037154513322557462 0.0051419566515342723 0.0014265053192785261
7.2698433714787027 0.0036129356091295843 0.0050614178639565898 0.0014484822548270055
7.288272292959423 0.0035106328369773681 0.0049815919424101183 0.0014709591054327502
7.3068222069966318 0.0034085319561404236 0.0049024816329955772 0.0014939496768551536
7.3254937394654309 0.0033066217999154425 0.0048240899077930804 0.0015174681078776379
7.3442874240100915 0.0032048911123926213 0.0047464199767775607 0.0015415288643849394
7.3632036912843768 0.0031033285687085085 0.0046694752998305521 0.0015661467311220436
7.3822428573741714 0.0030019227978711049 0.0045932595987293557 0.0015913368008582509
7.4014051113827017 0.002900662408305079 0.0045177768689692666 0.0016171144606641876
7.4206905021676803 0.0027995360162492381 0.0044430313912455959 0.0016434953749963578
7.4400989242310001 0.0026985322771168082 0.0043690277423907194 0.0016704954652739111
7.4596301027757841 0.002597639919898931 0.0042957708055260287 0.0016981308856270977
7.4792835779625859 0.002496847784653717 0.0042232657791513011 0.0017264179944975842
7.4990586884169899 0.0023961448630743986 0.0041515181848535386 0.00175537332177914
7.5189545540647691 0.0022955203420707416 0.0040805338732754874 0.0017850135312047458
7.5389700583983652 0.0021949636502265136 0.0040103190279413706 0.0018153553777148571
7.5591038303097733 0.0020944645069121224 0.0039408801664953235 0.0018464156595832011
7.579354225659876 0.0019940129737349324 0.0038722241388681297 0.0018782111651331973
7.5997193087924746 0.0018935995079012093 0.0038043581218525483 0.001910758613951339
7.620196834242253 0.0017932150169433564 0.0037372896095389306 0.0019440745925955742
7.6407842289285774 0.0016928509141373453 0.0036710263990447842 0.0019781754849074388
7.6614785751705012 0.0015924991737991416 0.0036055765709666122 0.0020130773971674706
7.682276594900598 0.0014921523855117396 0.0035409484639948334 0.0020487960784830936
7.7031746354946407 0.0013918038061996895 0.0034771506431654931 0.0020853468369658036
7.7241686576679927 0.0012914474088440203 0.0034141918612805139 0.0021227444524364938
7.7452542259153505 0.0011910779265240066 0.0033520810131141871 0.0021610030865901802
7.7664265019851548 0.0010906908903926492 0.0032908270821403176 0.0022001361917476682
7.7876802418803956 0.00099028266014981729 0.0032304390796637889 0.0022401564195139714
7.8090097968608223 0.00088985044557989533 0.0031709259764219344 0.0022810755308420392
7.8304091188851919 0.00078939231777777424 0.0031122966269328863 0.0023229043091551119
7.8518717708739034 0.00068890720880693506 0.0030545596871063736 0.0023656524782994385
7.8733909420914179 0.00058839489871935827 0.0029977235258896655 0.0024093286271703071
7.8949594688442488 0.00048785598912161224 0.0029417961319884063 0.0024539401428667939
7.9165698605658568 0.00038729186279099615 0.0028867850169667099 0.0024994931541757136
7.9382143312175311 0.00028670462922356207 0.0028326971162796685 0.0025459924870561063
7.9598848357795715 0.00018609705641796972 0.0027795386900084994 0.0025934416335905296
7.9815731114459902 8.547248964913371e-05 0.0027273152252392458 0.002641842735590112
8 3.0759185631635275e-09 0.0026837010232200948 0.0026836979473015316
